Attribute1,Attribute2,Attribute3,Attribute4,Attribute5,Attribute6,Attribute7,Attribute8,Attribute9,Attribute10,Attribute11,Attribute12,Attribute13,Attribute14,Attribute15,Attribute16,Attribute17,Attribute18,Attribute19,Attribute20,Attribute21,Attribute22
A11,6.0,A34,A43,1169.0, A65 ,A75,,A93,A101,4.0,A121,67.0,A143,a152,2.0,,1.0,a192,A201,6.0,
A12,48.0,a32,a43,5951.0, a61 ,a73,2.0,A92,A101,2.0,a121,22.0,,A152,1.0,,1.0,a191,A201,48.0,
A14,12.0,A34,A46,2096.0, A61 ,A74,2.0,A93,A101,3.0,A121,49.0,A143,A152,1.0,a172,2.0,A191,A201,12.0,
a11,42.0,A32,A42,7882.0, A61 ,a74,2.0,A93,A103,4.0,a122,45.0,A143,A153,1.0,,2.0,A191,A201,42.0,
a11,24.0,A33,A40,4870.0, A61 ,A73,3.0,A93,A101,4.0,A124,53.0,,a153,2.0,A173,2.0,A191,A201,24.0,99
A14,36.0,a32,a46,9055.0, a65 ,A73,2.0,a93,A101,4.0,A124,35.0,a143,A153,1.0,A172,2.0,A192,A201,36.0,99
A14,24.0,A32,A42,2835.0, A63 ,A75,3.0,A93,A101,,A122,53.0,A143,a152,1.0,A173,1.0,A191,A201,24.0,
a12,36.0,A32,,6948.0, A61 ,A73,,A93,A101,2.0,A123,35.0,A143,A151,1.0,A174,1.0,A192,A201,36.0,
a14,12.0,A32,A43,3059.0, A64 ,A74,2.0,A91,A101,4.0,A121,61.0,A143,A152,1.0,A172,1.0,A191,A201,12.0,
a12,30.0,A34,A40,5234.0, A61 ,a71,4.0,,A101,2.0,A123,28.0,A143,A152,2.0,A174,1.0,A191,A201,30.0,
,12.0,,A40,, a61 ,A72,3.0,A92,A101,1.0,A123,25.0,A143,A151,1.0,,1.0,A191,A201,12.0,
A11,48.0,A32,A49,4308.0, A61 ,A72,3.0,a92,A101,4.0,a122,24.0,A143,A151,1.0,A173,1.0,A191,A201,48.0,
A12,12.0,A32,A43,1567.0, A61 ,a73,1.0,A92,A101,1.0,A123,22.0,A143,A152,1.0,A173,1.0,A192,A201,12.0,
A11,,A34,a40,1199.0, A61 ,A75,4.0,A93,A101,4.0,A123,60.0,A143,A152,2.0,A172,1.0,A191,A201,,
a11,15.0,a32,a40,1403.0, A61 ,A73,2.0,A92,A101,4.0,a123,28.0,A143,A151,1.0,A173,1.0,A191,,15.0,
A11,24.0,A32,A43,1282.0, A62 ,a73,4.0,A92,A101,,A123,32.0,A143,A152,1.0,A172,1.0,A191,A201,24.0,
A14,24.0,A34,A43,2424.0, nan ,A75,4.0,a93,A101,,A122,53.0,A143,A152,2.0,A173,1.0,A191,,24.0,
A11,30.0,A30,A49,8072.0, A65 ,A72,2.0,A93,A101,3.0,a123,25.0,A141,,3.0,A173,1.0,A191,A201,30.0,
a12,24.0,,A41,12579.0, a61 ,A75,4.0,A92,,2.0,A124,44.0,A143,A153,1.0,A174,1.0,a192,a201,24.0,
A14,,A32,A43,3430.0, A63 ,a75,3.0,A93,A101,2.0,A123,31.0,A143,A152,1.0,A173,2.0,A192,A201,,
A14,9.0,A34,a40,, A61 ,A73,4.0,A93,A101,4.0,A123,48.0,A143,A152,3.0,A173,1.0,a192,A201,9.0, 
A11,6.0,a32,A43,2647.0, A63 ,A73,2.0,A93,A101,,,44.0,A143,A151,1.0,A173,2.0,a191,a201,6.0,
A11,10.0,A34,A40,2241.0, A61 ,A72,1.0,A93,A101,3.0,a121,48.0,A143,A151,2.0,A172,2.0,A191,a202,10.0,
A12,12.0,A34,A41,1804.0, A62 ,A72,3.0,A93,A101,,A122,44.0,A143,A152,1.0,A173,,a191,A201,12.0,
A14,10.0,A34,A42,2069.0, a65 ,A73,2.0,A94,A101,1.0,A123,26.0,A143,A152,2.0,A173,1.0,A191,A202,10.0,
A11,6.0,A32,A42,1374.0, A61 ,A73,1.0,A93,A101,2.0,A121,36.0,,A152,1.0,A172,1.0,a192,A201,6.0,
A14,6.0,A30,A43,426.0, A61 ,A75,,A94,A101,4.0,a123,39.0,,A152,1.0,A172,1.0,A191,a201,6.0, 
A13,12.0,A31,A43,409.0, a64 ,A73,3.0,A92,A101,3.0,A121,42.0,a143,,2.0,A173,1.0,a191,A201,12.0,
A12,7.0,a32,a43,2415.0, A61 ,A73,3.0,A93,A103,2.0,A121,34.0,A143,A152,1.0,A173,1.0,A191,A201,7.0,
,60.0,a33,A49,, A61 ,A75,3.0,A93,A101,4.0,,63.0,a143,A152,2.0,a173,1.0,A192,,60.0, 
A12,,A32,A49,1913.0, A64 ,A72,3.0,A94,A101,,A121,36.0,a141,A152,1.0,A173,1.0,A192,A201,,
A11,24.0,A32,A42,4020.0, a61 ,A73,2.0,A93,A101,2.0,,27.0,A142,A152,1.0,A173,1.0,A191,A201,24.0, 
A12,18.0,A32,A40,5866.0, A62 ,A73,2.0,A93,A101,2.0,A123,30.0,A143,A152,,a173,1.0,A192,a201,18.0,
a14,12.0,A34,A49,1264.0, A65 ,A75,4.0,A93,A101,4.0,A124,57.0,A143,A151,1.0,A172,1.0,A191,A201,12.0,
A13,12.0,A32,A42,1474.0, a61 ,A72,4.0,A92,A101,1.0,A122,150.0,,A152,1.0,A174,1.0,A192,a201,12.0,99
a12,45.0,A34,A43,4746.0, A61 ,A72,4.0,A93,A101,2.0,a122,25.0,A143,A152,2.0,A172,1.0,A191,A201,45.0,
A14,48.0,A34,A46,6110.0, A61 ,A73,1.0,A93,A101,3.0,a124,31.0,A141,A153,1.0,A173,1.0,a192,A201,48.0,
A13,18.0,A32,A43,2100.0, A61 ,A73,4.0,A93,A102,2.0,A121,37.0,A142,a152,1.0,A173,1.0,a191,A201,18.0,
A13,10.0,a32,A44,1225.0, A61 ,A73,2.0,??,A101,2.0,a123,37.0,A143,A152,1.0,A173,1.0,A192,A201,10.0,
A12,9.0,A32,A43,458.0, A61 ,A73,4.0,A93,A101,3.0,A121,24.0,A143,A152,1.0,A173,1.0,A191,,9.0,
A14,30.0,A32,A43,2333.0, A63 ,A75,4.0,A93,A101,2.0,A123,30.0,A141,,1.0,A174,1.0,A191,A201,30.0,
A12,12.0,A32,A43,1158.0, A63 ,A73,3.0,A91,a101,1.0,A123,26.0,A143,A152,,A173,1.0,A192,A201,12.0,
,18.0,A33,A45,6204.0, A61 ,A73,2.0,,A101,4.0,A121,44.0,A143,A152,1.0,,2.0,a192,A201,18.0,
A11,30.0,A34,a41,6187.0, A62 ,A74,1.0,A94,A101,4.0,A123,24.0,A143,A151,2.0,A173,1.0,a191,A201,30.0,
A11,48.0,A34,a41,6143.0, A61 ,a75,4.0,a92,A101,4.0,A124,58.0,A142,A153,2.0,A172,1.0,A191,A201,48.0,
A14,11.0,A34,a40,1393.0, A61 ,A72,4.0,A92,,4.0,A123,35.0,A143,A152,2.0,A174,1.0,A191,A201,11.0,
A14,36.0,A32,a43,2299.0, a63 ,A75,4.0,a93,A101,4.0,,39.0,A143,A152,1.0,a173,1.0,A191,A201,36.0,
A11,,A32,A41,1352.0, A63 ,A71,,,A101,,A122,23.0,a143,a151,1.0,A171,1.0,A192,A201,,
A14,11.0,A34,A40,7228.0, A61 ,A73,1.0,A93,A101,4.0,a122,39.0,A143,A152,2.0,A172,1.0,,A201,11.0, 
A14,,A32,A43,2073.0, A62 ,a73,4.0,A92,A102,2.0,A121,28.0,a143,,1.0,A173,1.0,A191,A201,,
A12,24.0,A33,A42,2333.0, A65 ,a72,4.0,a93,A101,2.0,,29.0,a141,A152,1.0,A172,1.0,A191,a201,24.0,99
A12,27.0,A33,A41,5965.0, a61 ,A75,1.0,A93,a101,2.0,A123,30.0,A143,A152,2.0,a174,1.0,A192,,27.0,
A14,12.0,A32,A43,1262.0, A61 ,A73,3.0,A93,,2.0,A123,25.0,A143,A152,1.0,A173,1.0,A191,A201,12.0,
A14,18.0,A32,A41,3378.0, a65 ,A73,2.0,A93,A101,1.0,a122,31.0,A143,A152,1.0,A173,,a192,A201,18.0,
A12,36.0,A33,A40,2225.0, A61 ,A75,4.0,a93,A101,4.0,a124,57.0,,a153,2.0,A173,1.0,A192,a201,36.0,
A14,6.0,A31,a40,, a65 ,a73,1.0,A93,A103,2.0,A121,26.0,A142,A152,1.0,A172,2.0,A191,A201,6.0, 
A12,12.0,A32,A43,6468.0, a65 ,A71,2.0,A93,A101,1.0,A124,52.0,A143,A152,1.0,A174,1.0,A192,A201,12.0,
A14,36.0,A34,A43,, A61 ,A73,2.0,A92,A101,2.0,a123,31.0,,A152,2.0,A173,1.0,A191,A201,36.0,
,18.0,A32,A40,1961.0, A61 ,A75,3.0,A92,A101,2.0,A123,23.0,A143,a152,1.0,A174,1.0,A191,a201,18.0,
A11,36.0,A34,a42,6229.0, A61 ,A72,4.0,A92,A102,4.0,A124,23.0,a143,A151,2.0,,1.0,a192,A201,36.0,
A12,9.0,A32,a49,1391.0, A61 ,A73,2.0,A94,A101,1.0,A121,27.0,A141,a152,,a173,1.0,A192,A201,9.0,
A12,15.0,A34,A43,1537.0, A65 ,A75,4.0,A93,A103,,A121,50.0,A143,A152,2.0,A173,1.0,A192,A201,15.0,
A12,36.0,A30,A49,1953.0, A61 ,A75,4.0,??,A101,4.0,A124,61.0,A143,A153,1.0,A174,1.0,a192,a201,36.0,
A12,48.0,A30,A49,14421.0, A61 ,A73,2.0,A93,A101,2.0,A123,25.0,A143,A152,1.0,a173,,a192,a201,48.0,
A14,24.0,A32,A43,3181.0, A61 ,A72,4.0,A92,A101,4.0,,-5.0,A143,A152,1.0,A173,1.0,A192,,24.0,
A14,27.0,a32,A45,5190.0, nan ,A75,4.0,,A101,4.0,A122,48.0,A143,A152,4.0,A173,2.0,A192,A201,27.0, 
A14,12.0,A32,,2171.0, A61 ,A72,,a92,A101,2.0,,29.0,A141,A152,,A173,1.0,A191,A201,12.0,
A12,12.0,a32,A40,1007.0, A64 ,A73,4.0,A94,A101,1.0,A121,22.0,a143,A152,1.0,A173,1.0,A191,A201,12.0,99
A14,36.0,A32,A46,1819.0, A61 ,A73,4.0,A93,,4.0,A124,37.0,a142,A153,1.0,A173,1.0,A192,a201,36.0, 
A14,36.0,a32,A43,2394.0, nan ,A73,4.0,A92,A101,4.0,A123,25.0,a143,a152,1.0,A173,1.0,A191,A201,36.0, 
a14,36.0,A32,A41,8133.0, A61 ,A73,1.0,A92,A101,2.0,A122,30.0,A141,A152,1.0,A173,1.0,A191,A201,36.0, 
A14,7.0,A34,a43,730.0, A65 ,A75,4.0,A93,a101,2.0,A122,46.0,A143,a151,2.0,A172,1.0,A192,A201,7.0,99
,,A34,A410,1164.0, A61 ,A75,3.0,a93,A101,4.0,A124,51.0,A141,a153,2.0,A174,2.0,A192,A201,, 
A12,,A34,A49,5954.0, A61 ,a74,2.0,A92,A101,1.0,,41.0,A141,A152,,A172,1.0,A191,A201,,
A11,36.0,A32,A46,1977.0, A65 ,A75,4.0,A93,a101,4.0,A124,40.0,A143,A152,1.0,A174,1.0,A192,A201,36.0,
a11,12.0,A34,A41,1526.0, A61 ,,4.0,a93,A101,4.0,a124,66.0,A143,a153,2.0,A174,1.0,A191,a201,12.0,
A11,42.0,A32,A43,3965.0, A61 ,a72,4.0,A93,A101,3.0,a123,34.0,a143,A152,,a173,1.0,A191,A201,42.0,
A12,11.0,A33,A43,4771.0, a61 ,A74,2.0,A93,A101,4.0,A122,51.0,A143,A152,1.0,a173,1.0,a191,A201,11.0,
a14,54.0,A30,A41,9436.0, A65 ,A73,2.0,A93,a101,2.0,A122,,A143,A152,1.0,a172,2.0,A191,A201,54.0,
A12,30.0,A32,A42,3832.0, A61 ,A72,2.0,A94,A101,1.0,A122,22.0,A143,A152,1.0,A173,1.0,A191,A201,30.0,
A14,24.0,,A43,5943.0, A65 ,A72,1.0,A92,A101,1.0,A123,44.0,A143,a152,2.0,A173,1.0,A192,A201,24.0,
A14,15.0,A32,A43,1213.0, A63 ,A75,4.0,A93,A101,3.0,a122,47.0,A142,A152,1.0,a173,1.0,A192,a201,15.0,
A14,18.0,A32,A49,1568.0, A62 ,A73,3.0,a92,a101,4.0,A122,24.0,A143,a151,1.0,A172,1.0,A191,A201,18.0, 
A11,24.0,A32,A410,1755.0, A61 ,A75,4.0,A92,a103,4.0,A121,58.0,A143,a152,1.0,a172,1.0,A192,A201,24.0,
A11,10.0,A32,A43,2315.0, a61 ,a75,3.0,a93,a101,,A121,52.0,A143,A152,1.0,a172,1.0,A191,A201,10.0,
a14,12.0,A34,A49,1412.0, A61 ,A73,,A92,A103,2.0,A121,29.0,,A152,2.0,A174,1.0,A192,A201,12.0, 
A12,18.0,A34,A42,1295.0, A61 ,A72,4.0,A92,A101,1.0,A122,27.0,a143,A152,2.0,A173,1.0,A191,a201,18.0,
A12,36.0,A32,,12612.0, a62 ,a73,1.0,A93,A101,4.0,A124,47.0,a143,A153,1.0,a173,2.0,A192,A201,36.0,
A11,18.0,A32,A40,2249.0, A62 ,A74,4.0,A93,A101,3.0,A123,150.0,a143,,1.0,A174,2.0,A192,A201,18.0,
A11,12.0,A30,A45,, A61 ,,4.0,A93,A101,3.0,A121,28.0,a143,A152,2.0,A173,1.0,a191,A201,12.0, 
A14,12.0,A34,A43,618.0, nan ,A75,4.0,A93,A101,4.0,A121,56.0,a143,A152,1.0,A173,1.0,A191,,12.0,
a11,12.0,a34,A41,1409.0, A61 ,A75,4.0,A93,a101,3.0,a121,54.0,A143,a152,1.0,A173,1.0,A191,A201,12.0,
A14,12.0,A34,A43,797.0, A65 ,A75,4.0,A92,a101,3.0,,33.0,A141,A152,1.0,A172,2.0,A191,a201,12.0,
A13,24.0,A34,A42,3617.0, A65 ,A75,4.0,a93,A102,4.0,A124,20.0,A143,A151,2.0,A173,1.0,A191,A201,24.0,
A12,12.0,A32,A40,1318.0, nan ,a75,4.0,A93,a101,4.0,A121,54.0,A143,A152,1.0,A173,1.0,A192,a201,12.0,
a12,54.0,a30,A49,15945.0, A61 ,a72,3.0,a93,A101,4.0,A124,58.0,A143,A151,1.0,A173,1.0,a192,a201,54.0, 
A14,12.0,A34,A46,, A65 ,A74,4.0,A92,A101,2.0,A123,61.0,A143,A152,1.0,A173,1.0,,a201,12.0,
a12,18.0,A32,A49,2622.0, A62 ,A73,,A93,A101,4.0,A123,34.0,A143,A152,1.0,A173,1.0,A191,A201,18.0,
,36.0,A34,,2337.0, A61 ,a75,4.0,A93,A101,4.0,a121,36.0,A143,A152,1.0,A173,1.0,A191,A201,36.0,
A12,20.0,A33,A41,, nan ,A74,3.0,A93,A101,4.0,a122,36.0,A141,A151,,A174,,,A201,20.0,
,24.0,A32,a40,1469.0, A62 ,A75,,A94,a101,4.0,A121,41.0,A143,A151,1.0,A172,1.0,A191,A201,24.0,
a12,36.0,A32,A43,2323.0, A61 ,A74,4.0,A93,A101,4.0,a123,24.0,a143,A151,1.0,,1.0,a191,A201,36.0, 
A14,6.0,A33,A43,932.0, A61 ,A73,3.0,A92,A101,2.0,A121,-5.0,A143,A152,1.0,A173,1.0,A191,a201,6.0,
A12,9.0,a34,a42,1919.0, A61 ,A74,4.0,,A101,3.0,A123,35.0,A143,a151,1.0,,1.0,,A201,9.0,
A14,12.0,A32,A41,2445.0, A65 ,A72,2.0,A94,A101,4.0,A123,26.0,A143,A151,1.0,A173,1.0,A192,A201,12.0,
a12,24.0,A34,A410,, A61 ,A73,2.0,A93,A102,3.0,A123,39.0,a143,A152,2.0,A174,2.0,A192,A201,24.0,
A14,18.0,A31,A40,6458.0, A61 ,A75,,A93,a101,4.0,A124,39.0,A141,A152,2.0,A174,2.0,A192,a201,18.0,
A12,12.0,A32,,6078.0, A61 ,A74,2.0,A93,A101,2.0,A123,32.0,A143,a152,1.0,A173,1.0,a191,,12.0, 
a11,24.0,A32,A42,7721.0, A65 ,A72,1.0,A92,A101,2.0,A122,30.0,A143,A152,1.0,,1.0,A192,A202,24.0,99
A12,14.0,A32,a49,1410.0, A63 ,A75,1.0,A94,A101,2.0,a121,35.0,A143,A152,1.0,A173,1.0,A192,A201,14.0,
A12,6.0,a33,A49,1449.0, A62 ,A75,1.0,A91,A101,2.0,A123,31.0,A141,A152,2.0,a173,2.0,A191,A201,6.0,
a13,15.0,A32,A46,392.0, A61 ,A72,4.0,A92,a101,,a122,23.0,a143,A151,1.0,A173,1.0,A192,a201,15.0,99
A12,18.0,A32,A40,6260.0, A61 ,a74,3.0,A93,A101,3.0,,28.0,A143,A151,1.0,A172,1.0,,a201,18.0,
a14,36.0,A34,A40,7855.0, A61 ,A73,4.0,A92,A101,2.0,A121,25.0,A142,a152,,A173,1.0,A192,A201,36.0,
a11,12.0,A32,A43,1680.0, A63 ,A75,3.0,a94,A101,1.0,A121,35.0,A143,A152,1.0,A173,1.0,A191,A201,12.0,
a14,48.0,a34,A43,3578.0, A65 ,A75,4.0,A93,A101,1.0,a121,47.0,a143,A152,1.0,A173,1.0,a192,A201,48.0, 
A11,42.0,A32,A43,7174.0, A65 ,A74,4.0,A92,a101,3.0,A123,30.0,A143,a152,1.0,a174,1.0,A192,A201,42.0,
A11,10.0,A34,,2132.0, A65 ,A72,2.0,A92,A102,3.0,A121,27.0,a143,A151,2.0,A173,1.0,A191,A202,10.0,
A11,33.0,A34,A42,4281.0, A63 ,A73,1.0,A92,a101,4.0,A123,23.0,a143,A152,2.0,A173,1.0,A191,A201,33.0,
A12,12.0,A34,A40,2366.0, A63 ,A74,3.0,A91,A101,3.0,a123,36.0,A143,,1.0,A174,1.0,A192,A201,12.0,
A11,21.0,A32,A43,1835.0, A61 ,A73,3.0,A92,A101,,A121,25.0,A143,A152,2.0,A173,1.0,a192,A201,21.0,
A14,24.0,A34,A41,3868.0, a61 ,a75,4.0,A92,A101,2.0,A123,41.0,,A151,,A174,1.0,a192,,24.0,
A14,12.0,a32,A42,1768.0, A61 ,,3.0,A93,a101,2.0,A121,24.0,A143,a151,1.0,A172,1.0,A191,A201,12.0,
A13,10.0,A34,A40,781.0, A61 ,A75,4.0,A93,A101,4.0,A124,63.0,A143,A153,2.0,A173,1.0,A192,A201,10.0,
A12,18.0,A32,A42,1924.0, A65 ,A72,4.0,A92,a101,3.0,,27.0,A143,A151,1.0,a173,1.0,A191,A201,18.0,
A11,12.0,A34,A40,2121.0, A61 ,A73,4.0,,A101,2.0,A122,30.0,,A152,2.0,A173,1.0,A191,A201,12.0, 
A11,12.0,a32,A43,701.0, A61 ,A73,4.0,A94,A101,2.0,A121,40.0,A143,A152,1.0,A172,1.0,A191,A201,12.0,99
A12,12.0,A32,A45,639.0, A61 ,A73,4.0,A93,A101,2.0,A123,30.0,A143,A152,1.0,A173,1.0,a191,A201,12.0,
,12.0,A34,A41,1860.0, A61 ,A71,4.0,A93,A101,2.0,A123,34.0,A143,A152,2.0,a174,1.0,A192,A201,12.0,
A11,12.0,A34,a40,, A61 ,A73,3.0,??,A102,2.0,A121,29.0,A143,A152,2.0,A173,1.0,A191,A201,12.0,
A12,48.0,A32,A40,8487.0, A65 ,A74,1.0,A92,A101,2.0,A123,24.0,A143,,1.0,A173,1.0,A191,A201,48.0,
A11,36.0,,A46,6887.0, A61 ,A73,4.0,A93,A101,3.0,A122,29.0,A142,A152,1.0,A173,1.0,a192,A201,36.0, 
A14,15.0,A32,A42,2708.0, A61 ,A72,2.0,A93,A101,3.0,A122,27.0,A141,A152,2.0,A172,1.0,A191,A201,15.0,
A14,18.0,a32,A42,1984.0, nan ,A73,4.0,A93,A101,4.0,A124,47.0,a141,A153,,A173,1.0,a191,A201,18.0,
A14,60.0,A32,A43,10144.0, A62 ,,2.0,A92,A101,,A121,21.0,a143,a152,1.0,A173,1.0,A192,A201,60.0,
a14,12.0,A34,a43,, A65 ,A75,4.0,A92,A101,,A121,38.0,A143,A152,2.0,a173,1.0,A192,a201,12.0,
A14,27.0,a33,A41,8613.0, A64 ,A73,2.0,A93,A101,2.0,A123,27.0,A143,A152,,A173,1.0,A191,A201,27.0,
A12,12.0,A32,A43,766.0, A63 ,A73,4.0,A93,A101,3.0,A121,66.0,,A152,1.0,A172,1.0,A191,A201,12.0,
a12,15.0,A34,A43,, A65 ,A74,4.0,A93,A103,2.0,a121,35.0,A141,A152,3.0,A173,1.0,a192,A201,15.0,
a13,12.0,A32,A43,1881.0, A61 ,A73,2.0,A92,A101,2.0,A123,44.0,A143,A151,1.0,A172,1.0,A192,A201,12.0,
A13,6.0,A32,a40,709.0, A64 ,A72,2.0,a94,A101,,a121,27.0,a143,A152,1.0,A171,1.0,A191,A202,6.0,
a12,36.0,A32,A43,4795.0, a61 ,A72,4.0,A92,A101,1.0,A124,30.0,A143,A152,1.0,A174,1.0,A192,A201,36.0,
A11,27.0,A32,A43,3416.0, A61 ,A73,3.0,A93,A101,2.0,a123,27.0,A143,A152,1.0,a174,1.0,A191,A201,27.0,
A11,18.0,A32,A42,2462.0, A61 ,A73,2.0,a93,A101,2.0,A123,22.0,A143,A152,1.0,A173,1.0,A191,A201,18.0,
A14,21.0,A34,a42,2288.0, A61 ,A72,4.0,A92,A101,4.0,,23.0,A143,A152,1.0,A173,1.0,A192,a201,21.0, 
,48.0,A31,A49,3566.0, A62 ,A74,4.0,,A101,2.0,A123,30.0,A143,A152,1.0,A173,1.0,A191,a201,48.0,
A11,6.0,A34,A40,860.0, A61 ,a75,1.0,A92,A101,4.0,A124,,A143,A152,2.0,A173,1.0,A192,A201,6.0,
A14,12.0,A34,A40,682.0, A62 ,A74,4.0,A92,A101,3.0,A123,,A143,A152,2.0,A173,1.0,A192,A201,12.0,
A11,36.0,A34,a42,5371.0, A61 ,A73,3.0,A93,A103,2.0,A122,28.0,A143,A152,2.0,A173,1.0,A191,A201,36.0,
A14,18.0,A34,a43,1582.0, A64 ,A75,4.0,a93,A101,4.0,A123,46.0,A143,A152,2.0,A173,1.0,A191,A201,18.0,
A14,6.0,A32,A43,1346.0, A62 ,A75,2.0,A93,a101,4.0,,42.0,A141,a153,1.0,A173,2.0,A192,A201,6.0,
A14,10.0,A32,A43,, a61 ,A73,1.0,a93,A101,4.0,A122,38.0,,A152,1.0,A173,1.0,a192,A202,10.0,
A13,36.0,A32,A43,5848.0, a61 ,A73,4.0,A93,A101,1.0,A123,24.0,,A152,1.0,A173,1.0,A191,A201,36.0,
A12,24.0,A34,A41,7758.0, A64 ,A75,2.0,A92,A101,4.0,A124,29.0,A143,A151,1.0,A173,1.0,A191,A201,24.0,
A12,24.0,A33,A49,6967.0, A62 ,a74,4.0,A93,A101,4.0,A123,36.0,A143,A151,1.0,A174,1.0,A192,A201,24.0,
A11,12.0,A32,A42,, A61 ,,2.0,a92,A101,4.0,A123,20.0,A143,A151,1.0,A173,1.0,A191,A201,12.0,
A11,9.0,A34,A45,1288.0, A62 ,unknown,3.0,a93,A103,4.0,A121,,A143,a152,2.0,A173,2.0,A191,A202,9.0,
A11,12.0,A31,A48,339.0, A61 ,A75,4.0,a94,A101,1.0,A123,45.0,a141,A152,1.0,A172,1.0,,A201,12.0,
A12,24.0,A32,A40,3512.0, A62 ,a74,2.0,A93,A101,3.0,A123,38.0,a141,A152,2.0,A173,1.0,A192,A201,24.0,
a14,,a34,A43,1898.0, A65 ,A73,1.0,A93,A101,2.0,A121,34.0,a143,,2.0,a172,2.0,A191,A201,,
a14,24.0,A34,A43,2872.0, A62 ,A75,3.0,A93,A101,4.0,A121,36.0,A143,a152,1.0,A173,2.0,A192,a201,24.0,
A14,18.0,A34,,1055.0, nan ,A72,4.0,A92,A101,1.0,A122,30.0,A143,A152,2.0,A173,1.0,A191,A201,18.0,
A14,15.0,A32,A44,1262.0, A63 ,A74,4.0,A93,A101,3.0,A122,36.0,A143,A152,2.0,A173,1.0,a192,a201,15.0,
a12,10.0,A32,a40,7308.0, A61 ,A71,2.0,A93,A101,4.0,A124,70.0,A141,a153,1.0,A174,1.0,a192,a201,10.0,
A14,36.0,A32,A40,909.0, A63 ,A75,4.0,A93,A101,4.0,A122,36.0,a143,a152,1.0,A173,1.0,A191,A201,36.0,
A14,6.0,A32,A42,2978.0, A63 ,A73,1.0,A93,A101,2.0,A123,32.0,A143,A152,1.0,a173,1.0,A192,A201,6.0,
A11,18.0,A32,A42,1131.0, A61 ,a71,4.0,a92,a101,2.0,A123,-5.0,A143,A152,,A173,1.0,A191,,18.0,
A12,11.0,A32,A42,1577.0, A64 ,A72,4.0,A92,A101,1.0,A121,20.0,A143,A152,1.0,A173,1.0,A191,A201,11.0, 
,,a32,A42,3972.0, A61 ,A74,2.0,A92,A101,4.0,A122,25.0,A143,A151,1.0,A173,1.0,a192,A201,, 
A12,24.0,A34,a49,1935.0, A61 ,A75,4.0,A91,a101,4.0,A121,31.0,A143,A152,2.0,A173,1.0,A192,A201,24.0,
A11,15.0,A30,A40,950.0, A61 ,A75,4.0,A93,A101,3.0,a123,33.0,A143,A151,2.0,A173,2.0,A191,A201,15.0,
,12.0,A32,A42,763.0, A61 ,A73,4.0,A92,A101,1.0,A121,26.0,A143,,1.0,a173,1.0,A192,A201,12.0,
a12,24.0,A33,A42,2064.0, nan ,A71,3.0,A92,,2.0,A122,,A143,A152,1.0,A174,,A192,A201,24.0,
A12,8.0,A32,A43,1414.0, nan ,A73,4.0,A93,a103,2.0,A121,33.0,A143,A152,1.0,A173,1.0,A191,A202,8.0,
A11,21.0,A33,A46,3414.0, A61 ,A72,2.0,a93,A101,1.0,A122,26.0,A143,A152,2.0,A173,,A191,A201,21.0, 
A14,30.0,A31,A41,7485.0, A65 ,A71,4.0,a92,a101,1.0,A121,53.0,A141,A152,1.0,A174,1.0,a192,A201,30.0,
a11,12.0,A32,A42,2577.0, A61 ,a73,2.0,A91,A101,1.0,A123,,A143,A152,1.0,A173,1.0,A191,A201,12.0,
A11,6.0,A34,A43,338.0, A63 ,a75,4.0,A93,a101,4.0,A123,52.0,A143,A152,2.0,A173,1.0,a191,A201,6.0,
A14,12.0,A32,A43,1963.0, A61 ,A74,4.0,,A101,2.0,A123,31.0,A143,A151,2.0,A174,2.0,A192,A201,12.0,
A11,21.0,A34,A40,571.0, A61 ,a75,4.0,A93,,4.0,,65.0,A143,A152,2.0,A173,1.0,A191,A201,21.0, 
a14,36.0,A33,A49,9572.0, A61 ,A72,1.0,,A101,1.0,A123,28.0,a143,A152,2.0,a173,1.0,a191,A201,36.0,
A12,36.0,A33,A49,4455.0, A61 ,A73,2.0,??,A101,2.0,A121,30.0,,a152,2.0,A174,1.0,A192,A201,36.0,
a11,21.0,,A40,1647.0, a65 ,A73,4.0,a93,a101,2.0,A122,40.0,A143,A152,2.0,A172,2.0,,A201,21.0,
A14,24.0,A34,A42,3777.0, A64 ,A73,4.0,A93,A101,4.0,A121,50.0,a143,A152,1.0,A173,1.0,A192,A201,24.0,
A12,18.0,a34,A40,884.0, a61 ,,4.0,A93,A101,4.0,A123,36.0,A141,A152,,A173,2.0,A192,A201,18.0,
a14,15.0,A34,A43,1360.0, A61 ,a73,4.0,A93,A101,2.0,A122,31.0,A143,a152,2.0,A173,1.0,A191,A201,15.0,
A12,9.0,A31,A41,5129.0, A61 ,A75,2.0,A92,A101,4.0,a124,74.0,A141,A153,1.0,a174,2.0,A192,A201,9.0,99
a12,16.0,a34,A40,1175.0, A61 ,A71,2.0,A93,,3.0,A123,68.0,A143,A153,3.0,A171,1.0,A192,A201,16.0,
A11,12.0,a32,A43,674.0, A62 ,A74,4.0,A94,A101,1.0,A122,20.0,A143,A152,1.0,A173,,A191,a201,12.0,
A12,18.0,A30,A42,3244.0, A61 ,a73,1.0,a92,A101,4.0,A123,33.0,A141,A152,2.0,A173,1.0,A192,A201,18.0,
A14,24.0,A32,A49,4591.0, A64 ,A73,2.0,A93,a101,3.0,A122,54.0,a143,A152,3.0,a174,1.0,A192,A201,24.0,
A12,48.0,a30,A49,3844.0, A62 ,A74,4.0,A93,,4.0,A124,34.0,A143,A153,1.0,,2.0,a191,A201,48.0,
A12,27.0,A32,A49,3915.0, A61 ,A73,4.0,A93,A101,,A123,36.0,A143,A152,1.0,A173,2.0,A192,A201,27.0,
A14,6.0,A32,a43,2108.0, A61 ,A74,2.0,A94,A101,2.0,a121,29.0,A143,A151,1.0,A173,1.0,a191,A201,6.0,
A12,,A32,A43,3031.0, A62 ,A73,4.0,A93,A103,4.0,A122,21.0,A143,A151,1.0,A173,1.0,A191,A201,,
a12,9.0,A34,A46,1501.0, A61 ,a75,2.0,A92,A101,3.0,A123,34.0,a143,A152,2.0,A174,1.0,A192,A201,9.0, 
A14,6.0,A34,a43,, A61 ,A73,1.0,A92,a101,1.0,A123,28.0,A143,A152,2.0,A173,1.0,A192,A201,6.0,
A12,12.0,A32,A42,951.0, a62 ,A72,4.0,A92,a101,4.0,A123,27.0,A141,a151,4.0,A173,1.0,A191,A201,12.0, 
A12,24.0,A32,A41,2760.0, A65 ,A75,4.0,A93,A101,4.0,A124,36.0,A141,A153,1.0,A173,1.0,A192,A201,24.0,
a12,18.0,a33,A42,4297.0, A61 ,A75,4.0,A91,A101,3.0,A124,40.0,A143,A152,1.0,A174,1.0,A192,A201,18.0,
A14,9.0,A34,A46,936.0, A63 ,A75,4.0,A93,A101,2.0,A123,52.0,,A152,2.0,A173,1.0,A192,,9.0,
A11,,A32,A40,1168.0, a61 ,A73,4.0,A94,a101,3.0,A121,27.0,A143,A152,1.0,A172,1.0,A191,A201,,
A14,,A33,A49,5117.0, A61 ,a74,3.0,A93,A101,4.0,A123,26.0,A143,A152,2.0,A173,1.0,A191,A201,,
A11,12.0,,A48,902.0, A61 ,A74,4.0,A94,A101,4.0,A122,21.0,A143,A151,1.0,a173,1.0,A191,,12.0,
A14,12.0,A34,A40,1495.0, a61 ,a75,4.0,A93,a101,1.0,a121,38.0,A143,A152,2.0,A172,2.0,,A201,12.0,99
,30.0,A34,a41,10623.0, A61 ,A75,3.0,A93,a101,4.0,a124,,A143,A153,3.0,A174,2.0,A192,A201,30.0,
A14,12.0,A34,A42,1935.0, A61 ,A75,4.0,A93,A101,4.0,A121,43.0,A143,A152,3.0,A173,1.0,A192,A201,12.0,
A12,12.0,A34,A44,1424.0, A61 ,A74,4.0,A93,A101,3.0,A122,26.0,A143,A152,1.0,A173,1.0,A191,A201,12.0,
,24.0,A32,A49,6568.0, A61 ,A73,2.0,A94,A101,,,21.0,A142,a152,1.0,A172,1.0,A191,A201,24.0,
a14,12.0,A32,A41,1413.0, A64 ,a74,3.0,A93,A101,2.0,A122,55.0,a143,,1.0,A173,1.0,A191,A202,12.0,
A14,9.0,a34,A43,3074.0, a65 ,A73,1.0,A93,a101,2.0,a121,33.0,A143,A152,2.0,A173,2.0,A191,,9.0, 
A14,36.0,A32,a43,3835.0, A65 ,A75,2.0,A92,A101,4.0,A121,45.0,A143,A152,1.0,A172,1.0,A192,A201,36.0,
A11,27.0,,A49,5293.0, A61 ,A71,2.0,,A101,4.0,A122,50.0,A142,A152,2.0,A173,1.0,A192,A201,27.0, 
A13,30.0,A33,A49,1908.0, A61 ,A75,4.0,a93,A101,4.0,,66.0,A143,A152,1.0,a174,1.0,A192,A201,30.0,
A14,36.0,A34,a43,3342.0, A65 ,A75,4.0,a93,,2.0,A123,51.0,,A152,1.0,A173,1.0,A192,A201,36.0,
a12,6.0,A34,a48,932.0, A65 ,A74,1.0,A92,A101,3.0,A122,39.0,A143,A152,2.0,A172,1.0,A191,A201,6.0,
A11,18.0,A30,A49,, A61 ,A74,3.0,A93,A101,1.0,A122,31.0,a141,A152,1.0,a173,1.0,a192,A201,18.0,
A13,36.0,A32,,3913.0, A61 ,A73,2.0,A93,A101,2.0,A121,23.0,A143,A152,1.0,A173,1.0,a192,A201,36.0,
A11,24.0,a32,A42,3021.0, A61 ,a73,2.0,A91,A101,2.0,A121,24.0,a143,A151,1.0,a172,1.0,A191,A201,24.0,
A14,10.0,A32,A40,1364.0, A61 ,A73,2.0,A92,A101,4.0,A123,64.0,A143,A152,1.0,A173,1.0,A192,A201,10.0,
A12,12.0,A32,A43,625.0, A61 ,a72,4.0,a94,A103,1.0,A121,26.0,A141,A152,1.0,A172,,A191,a201,12.0, 
A11,12.0,A32,A46,1200.0, A65 ,A73,4.0,A92,A101,4.0,A122,23.0,A141,A151,1.0,a173,1.0,A192,A201,12.0,
A14,12.0,a32,A43,707.0, A61 ,A73,4.0,A93,A101,2.0,A121,30.0,A141,A152,2.0,A173,1.0,A191,A201,12.0, 
A14,24.0,A33,,2978.0, a65 ,A73,4.0,A93,A101,4.0,A121,32.0,A143,A152,2.0,A173,2.0,A192,A201,24.0,
A14,15.0,,A41,4657.0, a61 ,A73,3.0,A93,A101,,A123,30.0,a143,A152,,,1.0,A192,A201,15.0,
A14,36.0,A30,A45,2613.0, a61 ,A73,4.0,a93,A101,2.0,A123,27.0,A143,A152,,A173,1.0,A191,A201,36.0,
A12,48.0,A32,A43,10961.0, A64 ,A74,1.0,A93,A102,2.0,A124,27.0,A141,a152,2.0,A173,1.0,a192,A201,48.0,
a11,12.0,a32,A42,7865.0, a61 ,A75,4.0,A93,A101,4.0,A124,53.0,A143,,1.0,A174,1.0,A192,a201,12.0,
a14,9.0,a32,A43,1478.0, A61 ,a74,4.0,A93,A101,2.0,A123,22.0,A143,,1.0,A173,1.0,A191,A201,9.0,
A11,24.0,A32,A42,3149.0, A61 ,A72,4.0,A93,A101,1.0,A124,22.0,A141,A153,1.0,A173,1.0,a191,a201,24.0,
A13,36.0,A32,A43,4210.0, a61 ,a73,,A93,a101,2.0,A123,26.0,,A152,1.0,A173,1.0,A191,A201,36.0,
a14,9.0,,A40,2507.0, A63 ,A75,2.0,A93,A101,4.0,a124,51.0,A143,A153,1.0,,1.0,A191,A201,9.0, 
A14,12.0,A32,a43,2141.0, a62 ,A74,,a93,A101,1.0,A124,35.0,A143,A152,1.0,a173,1.0,a191,A201,12.0,
A12,,A32,A43,866.0, a61 ,A73,4.0,A94,A103,2.0,A121,25.0,,a152,1.0,A172,1.0,A191,A201,,
A14,4.0,A34,A43,, A61 ,A74,2.0,A93,A101,1.0,a121,42.0,A143,A152,3.0,A172,2.0,A191,a201,4.0,
A11,24.0,A32,A43,1823.0, nan ,A71,4.0,a93,A101,2.0,A123,30.0,A142,A152,1.0,A174,2.0,A191,A201,24.0, 
A12,6.0,A32,A40,, A65 ,A71,1.0,A93,,2.0,A122,23.0,A143,A152,1.0,A171,1.0,A192,a201,6.0,
,21.0,A32,A49,2767.0, A62 ,A75,4.0,A91,a101,2.0,A123,61.0,A141,A151,2.0,A172,1.0,A191,A201,21.0,
A14,12.0,A34,A43,1291.0, nan ,A73,4.0,a92,A101,2.0,a122,35.0,A143,A152,2.0,a173,1.0,A191,A201,12.0,
A11,30.0,A32,A43,2522.0, A61 ,A75,1.0,A93,A103,3.0,A122,39.0,A143,A152,,A173,2.0,A191,A201,30.0,
A11,24.0,A32,A40,915.0, a65 ,A75,4.0,A92,A101,2.0,A123,29.0,A141,a152,1.0,A173,1.0,A191,A201,24.0,
A14,6.0,,A43,1595.0, A61 ,a74,3.0,A93,A101,2.0,a122,51.0,A143,A152,1.0,A173,2.0,A191,,6.0,
a11,48.0,A30,A41,4605.0, a61 ,A75,3.0,,A101,4.0,A124,24.0,A143,A153,2.0,A173,2.0,,A201,48.0,
A14,12.0,A34,A49,1185.0, A61 ,A73,3.0,A92,a101,2.0,A121,27.0,A143,A152,2.0,A173,1.0,a191,A201,12.0,
,12.0,A31,A48,3447.0, a63 ,a73,4.0,A92,A101,3.0,A121,35.0,A143,a152,1.0,A172,2.0,a191,A201,12.0,
A14,24.0,A32,A49,1258.0, A61 ,A74,,A93,A101,1.0,A121,25.0,A143,A152,1.0,A173,1.0,A192,A201,24.0, 
A14,12.0,a34,A43,717.0, A61 ,unknown,4.0,A93,A101,4.0,a121,,A143,,3.0,A173,,A191,A201,12.0,
a14,,A30,A40,1204.0, a62 ,A73,4.0,a93,A101,1.0,A124,35.0,A141,A151,1.0,A173,1.0,A191,a202,,
a13,24.0,A32,A42,1925.0, A61 ,A73,2.0,a93,A101,2.0,A121,26.0,A143,A152,1.0,A173,1.0,A191,A201,24.0,
A14,18.0,A32,A43,433.0, A61 ,A71,3.0,a92,A102,,A121,22.0,A143,A151,1.0,,1.0,A191,A201,18.0,
A11,6.0,A34,A40,666.0, A64 ,A74,3.0,A92,,4.0,A121,39.0,A143,A152,,a172,1.0,A192,A201,6.0, 
A13,12.0,a32,A42,2251.0, A61 ,A73,1.0,a92,A101,2.0,a123,46.0,A143,A152,1.0,A172,1.0,A191,A201,12.0,
a12,30.0,A32,A40,2150.0, a61 ,a73,4.0,,A103,,a124,24.0,A141,a152,1.0,A173,1.0,A191,A201,30.0,99
A14,24.0,A33,A42,4151.0, A62 ,,2.0,A93,A101,3.0,a122,35.0,A143,A152,2.0,A173,1.0,A191,a201,24.0,
A12,9.0,a32,A42,2030.0, a65 ,A74,2.0,A93,A101,1.0,a123,24.0,A143,A152,1.0,A173,1.0,A192,A201,9.0,
A12,60.0,A33,A43,7418.0, A65 ,A73,1.0,a93,A101,,A121,27.0,A143,A152,1.0,A172,1.0,A191,A201,60.0, 
A14,24.0,A34,A43,2684.0, a61 ,a73,4.0,A93,A101,2.0,,35.0,a143,A152,2.0,A172,,A191,A201,24.0,
A11,12.0,A31,A43,2149.0, a61 ,A73,,A91,A101,1.0,A124,29.0,A143,a153,1.0,A173,1.0,A191,,12.0,
A14,15.0,a32,a41,3812.0, A62 ,A72,1.0,A92,A101,4.0,a123,23.0,,A152,1.0,,1.0,A192,a201,15.0,
A14,11.0,A34,A43,1154.0, A62 ,A71,4.0,a92,A101,4.0,a121,57.0,A143,A152,3.0,A172,1.0,a191,a201,11.0, 
a11,12.0,A32,A42,1657.0, A61 ,A73,2.0,a93,a101,2.0,A121,27.0,A143,A152,1.0,A173,1.0,A191,A201,12.0,
A11,24.0,a32,A43,1603.0, A61 ,a75,4.0,A92,A101,4.0,A123,55.0,A143,A152,1.0,A173,1.0,A191,a201,24.0,
A11,18.0,A34,A40,5302.0, A61 ,A75,2.0,A93,a101,4.0,A124,36.0,A143,A153,3.0,A174,1.0,A192,A201,18.0,
A14,12.0,a34,,2748.0, A61 ,a75,,,A101,4.0,A124,57.0,A141,A153,3.0,A172,1.0,a191,A201,12.0,
A14,,A34,A40,1231.0, A61 ,a75,3.0,A93,A101,4.0,A121,32.0,A143,A152,2.0,A172,2.0,A191,A202,,
A12,15.0,a32,a43,802.0, a61 ,a75,4.0,,,,a123,-5.0,A143,A152,1.0,A173,2.0,A191,A201,15.0,
a14,36.0,A34,A49,6304.0, A65 ,A75,4.0,A93,A101,4.0,A121,,,A152,2.0,a173,1.0,A191,,36.0,
A14,24.0,a32,a43,1533.0, A61 ,A72,4.0,A92,A101,3.0,A123,38.0,a142,A152,1.0,A173,1.0,A192,A201,24.0,
A11,14.0,A32,A40,8978.0, A61 ,A75,1.0,A91,a101,4.0,A122,45.0,a143,a152,1.0,a174,1.0,a192,A202,14.0,
A14,24.0,A32,A43,999.0, a65 ,A75,4.0,a93,A101,2.0,A123,25.0,A143,A152,2.0,A173,1.0,A191,A201,24.0,
A14,18.0,A32,A40,2662.0, A65 ,A74,4.0,A93,A101,3.0,A122,32.0,a143,A152,,a173,1.0,A191,A202,18.0,
a14,12.0,A34,,1402.0, A63 ,A74,3.0,A92,a101,4.0,A123,37.0,a143,a151,1.0,A173,1.0,A192,A201,12.0,
A12,48.0,A31,A40,12169.0, A65 ,A71,4.0,A93,A102,4.0,A124,36.0,A143,A153,1.0,A174,1.0,A192,,48.0,
A12,,A32,A43,3060.0, A61 ,A74,,A93,A101,4.0,A121,28.0,A143,A152,2.0,A173,1.0,A191,a201,,
A11,30.0,a32,A45,11998.0, A61 ,a72,1.0,A91,A101,1.0,a124,34.0,A143,a152,1.0,A172,1.0,A192,A201,30.0, 
a14,9.0,a32,A43,2697.0, A61 ,A73,1.0,A93,A101,2.0,a121,32.0,A143,A152,1.0,A173,2.0,A191,A201,9.0,
A14,18.0,a34,A43,2404.0, A61 ,A73,2.0,A92,A101,2.0,A123,26.0,A143,A152,2.0,A173,1.0,A191,A201,18.0,
A11,12.0,A32,A42,1262.0, A65 ,A75,2.0,A91,A101,4.0,A122,49.0,a143,A152,1.0,A172,1.0,A192,a201,12.0,
A14,6.0,A32,A42,4611.0, A61 ,A72,1.0,A92,,4.0,A122,32.0,A143,A152,1.0,A173,1.0,,,6.0,
A14,24.0,A32,A43,1901.0, a62 ,A73,4.0,,a101,4.0,a123,29.0,A143,A151,1.0,A174,1.0,A192,A201,24.0,
A14,15.0,A34,A41,3368.0, A64 ,A75,3.0,A93,A101,4.0,a124,23.0,A143,A151,2.0,A173,1.0,A192,A201,15.0,
A14,12.0,A32,A42,, A61 ,A73,4.0,A93,A101,2.0,A121,50.0,A143,a152,1.0,a173,1.0,A191,A201,12.0, 
A13,18.0,A31,A43,1445.0, A65 ,A74,4.0,A93,A101,4.0,A123,49.0,A141,A152,1.0,A172,1.0,A191,A201,18.0,
A14,,,A42,1520.0, A65 ,a75,4.0,A93,A101,4.0,,63.0,A143,A152,1.0,A173,1.0,A191,A201,,
A12,24.0,A34,a40,3878.0, A62 ,a72,4.0,A91,a101,2.0,A123,37.0,A143,A152,1.0,A173,1.0,A192,A201,24.0,
,47.0,A32,A40,10722.0, A61 ,A72,1.0,A92,A101,1.0,A121,35.0,A143,a152,1.0,A172,1.0,A192,A201,47.0,
A11,48.0,a32,A41,4788.0, a61 ,A74,4.0,A93,A101,3.0,A122,26.0,A143,A152,1.0,A173,2.0,,A201,48.0,
A12,48.0,A33,A410,7582.0, A62 ,A71,2.0,,A101,4.0,A124,31.0,A143,A153,1.0,A174,1.0,A192,A201,48.0, 
a12,,A32,A43,1092.0, A61 ,A73,4.0,A92,a103,4.0,a121,49.0,A143,A152,2.0,,1.0,A192,A201,,99
A11,24.0,A33,A43,1024.0, a61 ,A72,4.0,A94,A101,4.0,A121,,a142,A152,1.0,,1.0,A191,A201,24.0, 
,12.0,A32,a49,1076.0, A61 ,a73,2.0,A94,A101,2.0,A121,26.0,A143,A152,1.0,A173,1.0,A192,A202,12.0,
,36.0,A32,A41,9398.0, A61 ,A72,1.0,A94,A101,,A123,28.0,a143,,1.0,A174,1.0,A192,A201,36.0,
A11,24.0,A34,A41,6419.0, nan ,A75,2.0,A92,A101,4.0,A124,44.0,a143,A153,2.0,A174,2.0,a192,a201,24.0,
A13,42.0,A34,A41,4796.0, nan ,A75,4.0,A93,A101,4.0,A124,56.0,,A153,1.0,A173,1.0,a191,a201,42.0,
A14,48.0,,A49,7629.0, A65 ,a75,4.0,a91,A101,2.0,,46.0,A141,a152,2.0,A174,2.0,A191,A201,48.0,
A12,48.0,,A42,9960.0, A61 ,A72,1.0,a92,A101,2.0,,26.0,A143,A152,1.0,A173,1.0,A192,A201,48.0,
A14,12.0,A32,A41,4675.0, A65 ,A72,1.0,a92,A101,4.0,A123,20.0,A143,A151,1.0,A173,1.0,A191,A201,12.0,
A14,10.0,,A40,1287.0, A65 ,a75,4.0,a93,a102,2.0,A122,45.0,a143,,1.0,A172,1.0,a191,A202,10.0, 
A14,18.0,A32,A42,2515.0, A61 ,A73,3.0,,A101,,a121,43.0,A143,A152,1.0,a173,1.0,a192,A201,18.0,
A12,21.0,A34,A42,2745.0, nan ,a74,3.0,A93,A101,2.0,A123,32.0,A143,A152,2.0,a173,1.0,a192,A201,21.0, 
A14,,a32,A40,672.0, a61 ,A71,1.0,a92,a101,4.0,a121,54.0,A143,A152,1.0,A171,1.0,A192,A201,,
A12,36.0,A30,A43,3804.0, nan ,A73,4.0,A92,a101,1.0,A123,42.0,A143,A152,1.0,A173,1.0,A192,A201,36.0,99
A13,24.0,A34,A40,1344.0, A65 ,A74,4.0,A93,A101,2.0,A121,37.0,A141,A152,2.0,A172,2.0,A191,A201,24.0,
A11,10.0,A34,A40,1038.0, A61 ,A74,4.0,A93,A102,3.0,A122,49.0,A143,A152,2.0,A173,1.0,A192,A201,10.0,
a14,48.0,A34,A40,10127.0, A63 ,A73,,,A101,2.0,,150.0,A141,A153,1.0,A173,1.0,A191,A201,48.0,
A14,6.0,A32,A42,1543.0, A64 ,A73,4.0,A91,A101,2.0,A121,33.0,a143,A152,1.0,a173,1.0,a191,A201,6.0,
a14,30.0,A32,A41,4811.0, A65 ,A74,2.0,A92,A101,4.0,A122,24.0,A142,A151,1.0,A172,1.0,a191,A201,30.0, 
A11,12.0,a32,A43,727.0, A62 ,A72,4.0,A94,A101,3.0,A124,33.0,A143,A152,1.0,A172,1.0,A192,A201,12.0, 
A12,8.0,A32,A42,1237.0, A61 ,A73,3.0,A92,A101,4.0,a121,-5.0,A143,a152,1.0,A173,,A191,A201,8.0,99
A12,9.0,A32,A40,276.0, A61 ,A73,,A94,A101,4.0,A121,22.0,A143,A151,1.0,A172,1.0,A191,a201,9.0,
A12,48.0,a32,A410,5381.0, A65 ,A71,3.0,A93,A101,4.0,a124,40.0,A141,A153,1.0,a171,1.0,A192,A201,48.0,
A14,24.0,A32,a42,5511.0, a62 ,A73,4.0,A93,a101,1.0,a123,25.0,A142,A152,1.0,A173,1.0,a191,a201,24.0,99
,24.0,a32,A42,3749.0, a61 ,A72,2.0,,A101,4.0,A123,26.0,A143,a152,1.0,,1.0,a191,a201,24.0,99
A12,12.0,a32,,685.0, a61 ,A74,2.0,A94,A101,3.0,A123,25.0,A141,A152,,A172,1.0,A191,A201,12.0,
A13,4.0,a32,A40,1494.0, a65 ,A72,1.0,A93,a101,2.0,A121,29.0,A143,a152,1.0,A172,2.0,A191,A202,4.0,
A11,36.0,A31,a42,2746.0, a61 ,a75,4.0,A93,A101,4.0,A123,31.0,A141,A152,1.0,A173,1.0,A191,A201,36.0, 
A11,12.0,A32,a42,708.0, A61 ,A73,,A93,A103,3.0,A122,38.0,A143,a152,,A172,2.0,A191,,12.0,
a12,24.0,A32,,, A65 ,A73,1.0,A92,A101,4.0,a122,48.0,a143,,1.0,A172,1.0,a192,A201,24.0, 
A14,12.0,A34,a46,701.0, A61 ,a73,4.0,a93,A101,2.0,A123,,A143,A152,2.0,A173,1.0,A191,A201,12.0,
A11,15.0,A33,A42,3643.0, A61 ,,1.0,a92,A101,4.0,a122,-5.0,A143,A152,2.0,A172,1.0,A191,A201,15.0,
a12,30.0,A34,A40,4249.0, A61 ,A71,4.0,a94,A101,2.0,A123,28.0,A143,A152,2.0,A174,1.0,A191,A201,30.0,
A11,24.0,A32,A43,1938.0, a61 ,A72,4.0,a91,A101,3.0,A122,32.0,A143,,1.0,a173,,a191,A201,24.0,
A11,24.0,A32,A41,2910.0, A61 ,a74,2.0,A93,a101,1.0,A124,34.0,A143,A153,1.0,A174,1.0,A192,A201,24.0,
A11,18.0,A32,A42,2659.0, A64 ,A73,4.0,A93,a101,,,28.0,A143,A152,1.0,A173,,A191,,18.0,
A14,18.0,a34,A40,, A61 ,A73,4.0,A92,A101,3.0,A121,36.0,A143,A152,2.0,A173,1.0,A191,A201,18.0,
A11,8.0,a34,A40,3398.0, A61 ,A74,1.0,A93,A101,4.0,a121,39.0,A143,A152,2.0,A172,1.0,a191,A202,8.0,
A14,12.0,A34,a42,, A65 ,A75,2.0,A93,A101,4.0,A122,49.0,A143,A151,1.0,A173,1.0,A192,,12.0,
A14,24.0,,a40,1525.0, A64 ,A74,4.0,A92,A101,3.0,A123,34.0,A143,a152,1.0,,2.0,A192,A201,24.0,
A13,36.0,A32,a43,4473.0, a61 ,A75,4.0,A93,A101,2.0,A123,31.0,a143,A152,1.0,A173,1.0,A191,A201,36.0,
A12,6.0,A32,A43,1068.0, A61 ,A75,4.0,a93,A101,4.0,,28.0,A143,A152,1.0,A173,2.0,A191,A201,6.0, 
A11,24.0,A34,a41,6615.0, a61 ,,2.0,A93,A101,4.0,a124,75.0,A143,A153,2.0,A174,1.0,A192,a201,24.0,
A14,18.0,A34,A46,1864.0, A62 ,unknown,4.0,A92,A101,2.0,a121,30.0,A143,A152,2.0,a173,1.0,A191,A201,18.0,
,60.0,A32,A40,7408.0, A62 ,A72,4.0,A92,A101,2.0,a122,24.0,A143,A152,1.0,A174,1.0,A191,A201,60.0,
A14,48.0,A34,A41,11590.0, A62 ,A73,2.0,a92,a101,4.0,A123,24.0,A141,A151,2.0,A172,1.0,A191,A201,48.0,
,24.0,A30,A42,4110.0, A61 ,A75,3.0,A93,A101,4.0,A124,23.0,A141,A151,2.0,A173,2.0,A191,A201,24.0,
,6.0,A34,A42,3384.0, a61 ,A73,1.0,A91,a101,4.0,A121,44.0,A143,A151,1.0,A174,1.0,A192,A201,6.0,
A12,13.0,A32,A43,2101.0, A61 ,A72,,A92,A103,4.0,A122,23.0,a143,A152,,A172,,A191,a201,13.0,99
A11,15.0,A32,A44,1275.0, a65 ,A73,4.0,A92,A101,2.0,A123,24.0,A143,a151,1.0,A173,1.0,A191,a201,15.0,
a11,24.0,A32,A42,4169.0, A61 ,A73,4.0,A93,A101,4.0,a122,28.0,A143,A152,1.0,A173,1.0,a191,A201,24.0,
A12,,A32,A42,1521.0, nan ,A73,4.0,A91,a101,2.0,A123,31.0,A143,A152,1.0,A172,,A191,A201,,
a12,24.0,a34,A46,5743.0, A61 ,A72,2.0,A92,A101,4.0,a124,24.0,A143,a153,2.0,,1.0,a192,A201,24.0,
A11,21.0,A32,A42,, a61 ,A74,1.0,a92,A101,4.0,A123,26.0,,A151,1.0,A172,1.0,A191,A201,21.0,
A12,18.0,A32,A43,3213.0, A63 ,a72,1.0,a94,a101,3.0,A121,25.0,A143,A151,1.0,A173,1.0,A191,A201,18.0,
A12,18.0,A32,A49,4439.0, A61 ,a75,1.0,A93,A102,1.0,a121,33.0,A141,A152,,A174,1.0,A192,A201,18.0,
A13,10.0,A32,A40,3949.0, A61 ,a72,1.0,a93,A103,1.0,A122,37.0,A143,a152,1.0,A172,2.0,A191,A201,10.0,99
A14,15.0,a34,A43,1459.0, A61 ,a73,4.0,A92,A101,2.0,A123,43.0,A143,,1.0,A172,1.0,A191,a201,15.0,
A12,13.0,A34,A43,882.0, nan ,a72,4.0,A93,a103,4.0,A121,23.0,A143,a152,2.0,A173,1.0,A191,A201,13.0,
,24.0,A32,A43,, a63 ,A71,1.0,,A101,4.0,A124,23.0,A143,A151,1.0,,1.0,A191,A201,24.0,
A14,6.0,A33,A49,1743.0, A62 ,A73,1.0,A93,A101,2.0,A121,34.0,A143,A152,2.0,A172,1.0,A191,A201,6.0,
A12,,,A46,1136.0, A64 ,A75,4.0,A93,A101,3.0,a124,32.0,A143,A153,2.0,A173,2.0,A191,A201,,
A14,9.0,A32,A44,1236.0, A61 ,,1.0,A92,A101,4.0,A121,23.0,A143,A151,,A173,1.0,A192,,9.0,
A12,9.0,A32,A42,959.0, A61 ,A73,,,A101,2.0,,29.0,A143,A152,1.0,A173,1.0,A191,A202,9.0, 
A14,18.0,A34,A41,3229.0, A65 ,,2.0,A93,A101,4.0,A124,38.0,A143,A152,1.0,,1.0,A192,A201,18.0,
A11,12.0,A30,A43,6199.0, A61 ,A73,4.0,A93,A101,2.0,A122,28.0,A143,A151,2.0,A173,1.0,A192,A201,12.0,
A14,10.0,A32,A46,727.0, a63 ,A75,4.0,A93,A101,4.0,A124,46.0,,A153,1.0,A173,1.0,A192,A201,10.0,
A12,24.0,A32,A40,1246.0, A61 ,A72,4.0,A93,A101,2.0,a121,23.0,A142,A152,1.0,A172,1.0,A191,a201,24.0,
,12.0,a34,A43,2331.0, A65 ,A75,1.0,A93,a102,4.0,A121,49.0,,A152,1.0,A173,1.0,a192,A201,12.0,
A14,36.0,a33,A43,4463.0, A61 ,A73,4.0,A93,A101,2.0,A123,26.0,A143,A152,2.0,A174,1.0,a192,A201,36.0,
a14,12.0,A32,A43,776.0, A61 ,A73,4.0,A94,A101,2.0,A121,150.0,A143,A152,1.0,A173,1.0,A191,A201,12.0,
A11,30.0,A32,A42,2406.0, A61 ,A74,4.0,A92,a101,4.0,A121,150.0,A143,A151,1.0,A173,1.0,A191,a201,30.0,
A12,18.0,,A46,1239.0, A65 ,A73,4.0,A93,A101,4.0,A124,61.0,A143,A153,1.0,a173,1.0,,A201,18.0,
A13,12.0,a32,A43,3399.0, a65 ,A75,2.0,A93,A101,3.0,A123,37.0,A143,A152,,A174,1.0,A191,A201,12.0,
A13,12.0,A33,A40,2247.0, a61 ,A73,2.0,A92,A101,2.0,A123,36.0,A142,A152,2.0,A173,1.0,A192,A201,12.0,
A14,6.0,A32,A42,1766.0, a61 ,A73,1.0,A94,A101,2.0,A122,21.0,a143,A151,1.0,A173,1.0,A191,A201,6.0,
A11,18.0,A32,A42,2473.0, A61 ,a71,4.0,A93,A101,,A123,25.0,A143,A152,1.0,,1.0,A191,A201,18.0,
A14,12.0,,A49,1542.0, A61 ,A74,2.0,A93,a101,4.0,a123,36.0,a143,A152,,A173,1.0,A192,a201,12.0,99
A14,18.0,A34,A41,3850.0, A61 ,A74,3.0,A93,a101,1.0,a123,27.0,A143,A152,2.0,A173,1.0,A191,A201,18.0,
A11,18.0,a32,A42,3650.0, A61 ,A72,1.0,A92,A101,4.0,a123,22.0,A143,A151,1.0,A173,1.0,A191,A201,18.0,
A11,36.0,A32,A42,3446.0, A61 ,a75,4.0,A93,A101,2.0,A123,42.0,a143,A152,,A173,2.0,A191,A201,36.0, 
A12,18.0,A32,A42,3001.0, A61 ,A74,2.0,A92,a101,4.0,A121,40.0,A143,A151,1.0,a173,1.0,A191,A201,18.0,
A14,36.0,a32,A40,3079.0, A65 ,A73,4.0,A93,A101,4.0,A121,36.0,A143,A152,1.0,A173,1.0,A191,,36.0,
,18.0,A34,A43,6070.0, A61 ,A75,3.0,A93,A101,4.0,A123,33.0,A143,A152,2.0,A173,1.0,a192,A201,18.0,
a14,10.0,A34,A42,2146.0, a61 ,A72,1.0,a92,A101,3.0,A121,23.0,,A151,2.0,A173,,A191,A201,10.0,
a14,60.0,A34,A40,13756.0, A65 ,a75,2.0,a93,A101,4.0,A124,63.0,A141,A153,1.0,A174,1.0,A192,a201,60.0,
A12,60.0,a31,A410,14782.0, a62 ,A75,3.0,a92,A101,4.0,A124,60.0,A141,A153,,A174,1.0,A192,A201,60.0,
A11,48.0,A31,A49,7685.0, A61 ,,2.0,A92,A103,4.0,A123,37.0,A143,A151,1.0,A173,1.0,a191,a201,48.0,
A14,18.0,a33,A43,2320.0, a61 ,A71,2.0,A94,A101,3.0,A121,34.0,A143,A152,2.0,A173,1.0,A191,A201,18.0,
,7.0,A33,A43,846.0, A65 ,A75,3.0,a93,A101,4.0,A124,36.0,A143,A153,1.0,A173,1.0,A191,A201,7.0, 
A12,36.0,A32,A40,14318.0, A61 ,a75,4.0,A93,A101,2.0,A124,57.0,A143,A153,1.0,A174,1.0,a192,A201,36.0,
A14,6.0,a34,A40,362.0, A62 ,A73,4.0,A92,a101,4.0,A123,52.0,A143,,2.0,A172,1.0,a191,A201,6.0,
a11,20.0,A32,a42,2212.0, A65 ,A74,4.0,A93,,4.0,A123,39.0,a143,A152,1.0,a173,1.0,a192,a201,20.0,
A12,18.0,A32,A41,12976.0, A61 ,A71,3.0,A92,a101,4.0,A124,38.0,A143,A153,1.0,a174,1.0,A192,,18.0,
A14,22.0,A32,,1283.0, A65 ,,4.0,A92,a101,4.0,A122,25.0,A143,A151,,A173,1.0,A191,A201,22.0,
A13,12.0,A32,A40,, nan ,A72,4.0,a93,A101,1.0,A121,26.0,A143,A152,1.0,a173,1.0,a191,a201,12.0,
A14,30.0,A33,,4272.0, A62 ,A73,2.0,A93,A101,2.0,A122,26.0,A143,A152,2.0,A172,1.0,A191,A201,30.0,
A14,18.0,a34,A43,2238.0, a61 ,A73,2.0,A92,A101,1.0,A123,25.0,A143,A152,2.0,A173,1.0,A191,A201,18.0,
A14,18.0,a32,A43,1126.0, A65 ,A72,4.0,A92,A101,2.0,,21.0,A143,A151,1.0,,1.0,A192,A201,18.0,
a12,18.0,A34,A42,, A61 ,A71,4.0,A93,A101,4.0,A122,40.0,A142,A152,2.0,A174,1.0,,a201,18.0,
A12,15.0,A34,,2326.0, A63 ,A73,2.0,A93,a101,4.0,A123,27.0,A141,A152,1.0,A173,1.0,A191,A201,15.0,
A14,9.0,A32,A49,, A61 ,A74,3.0,A92,A101,2.0,A123,27.0,A143,A152,2.0,,1.0,A191,A201,9.0,
A14,18.0,A32,a40,1820.0, A61 ,A73,2.0,A94,A101,2.0,,30.0,A143,,1.0,a174,1.0,A192,A201,18.0, 
a12,12.0,A32,A42,983.0, A64 ,A72,,??,A101,4.0,A121,19.0,A143,A151,1.0,A172,1.0,A191,A201,12.0, 
A11,36.0,A32,A40,3249.0, A61 ,A74,2.0,A93,A101,4.0,A124,39.0,A141,A153,1.0,a174,2.0,A192,A201,36.0,
A11,6.0,A34,A43,, A61 ,A74,1.0,A92,a101,4.0,a123,31.0,A143,A152,1.0,A173,1.0,A191,A201,6.0,
A14,9.0,A34,A42,2406.0, A61 ,a71,2.0,A93,A101,3.0,A123,31.0,A143,A152,1.0,a174,1.0,A191,a201,9.0, 
a12,39.0,A33,A46,11760.0, A62 ,A74,2.0,A93,,3.0,A124,32.0,A143,A151,1.0,A173,1.0,A192,A201,39.0,
A11,12.0,A32,A42,2578.0, a61 ,A71,3.0,A92,,4.0,a124,55.0,A143,A153,1.0,A174,1.0,A191,A201,12.0,
A11,36.0,,A42,2348.0, A61 ,a73,3.0,a94,A101,2.0,A122,46.0,A143,,2.0,A173,1.0,A192,A201,36.0,
A12,12.0,A32,A40,1223.0, A61 ,unknown,1.0,A91,A101,1.0,A121,46.0,,A151,2.0,,1.0,A191,A201,12.0,
A14,24.0,a34,A43,1516.0, A64 ,A73,4.0,A92,,1.0,A121,43.0,,A152,2.0,a172,1.0,,A201,24.0,
A14,18.0,A32,A43,1473.0, A61 ,a72,3.0,A94,A101,4.0,a121,39.0,A143,,1.0,A173,1.0,A192,a201,18.0,
A12,18.0,A34,A49,1887.0, A65 ,A73,4.0,a94,A101,4.0,A121,28.0,a141,A152,2.0,A173,1.0,a191,A201,18.0,
a14,,A33,a49,8648.0, A61 ,A72,2.0,A93,A101,2.0,A123,27.0,A141,A152,2.0,a173,1.0,A192,A201,,
A14,14.0,A33,A40,802.0, a61 ,A73,4.0,A93,A101,2.0,a123,27.0,A143,A152,2.0,A172,1.0,A191,A201,14.0,
A12,18.0,A33,A40,2899.0, A65 ,A75,4.0,A93,A101,4.0,A123,43.0,a143,A152,1.0,A173,2.0,A191,A201,18.0,
A12,24.0,A32,A43,2039.0, A61 ,unknown,1.0,A94,A101,1.0,A122,22.0,A143,,1.0,A173,1.0,A192,A201,24.0,
A14,24.0,A34,A41,2197.0, A65 ,A74,4.0,,a101,4.0,A123,,A143,,2.0,A173,2.0,A192,A201,24.0,
,15.0,A32,A43,1053.0, A61 ,A72,4.0,A94,A101,2.0,A121,27.0,A143,a152,1.0,A173,1.0,A191,a202,15.0,
A14,24.0,A32,A43,3235.0, a63 ,A75,3.0,A91,A101,2.0,A123,26.0,A143,A152,1.0,A174,1.0,A192,A201,24.0,
A13,12.0,A34,,939.0, A63 ,A74,4.0,a94,A101,2.0,A121,28.0,a143,A152,3.0,A173,1.0,A192,a201,12.0,
A12,24.0,a32,a43,1967.0, A61 ,,4.0,A92,A101,4.0,a123,20.0,A143,a152,1.0,a173,1.0,a192,A201,24.0,
A14,33.0,A34,A41,, A61 ,A74,3.0,A93,A101,2.0,A123,35.0,A143,A152,2.0,a174,1.0,A192,A201,33.0,
A14,12.0,A34,,2292.0, A61 ,a71,4.0,A93,A101,2.0,A123,42.0,,A152,2.0,A174,1.0,A192,A201,12.0,
A14,10.0,,A40,1597.0, A63 ,A73,3.0,A93,a101,2.0,A124,40.0,A143,A151,1.0,A172,2.0,A191,A202,10.0,
a11,24.0,A32,A40,1381.0, nan ,A73,4.0,A92,a101,2.0,A122,35.0,A143,A152,1.0,A173,1.0,A191,A201,24.0,
A14,36.0,A34,A41,5842.0, a61 ,A75,2.0,,A101,2.0,A122,35.0,a143,A152,2.0,A173,2.0,A192,A201,36.0,
a11,,A32,A40,2579.0, A61 ,A72,4.0,A93,A101,1.0,A121,33.0,A143,A152,1.0,A172,2.0,A191,A201,,
A11,18.0,,A46,, A65 ,A73,1.0,A92,A101,2.0,A123,23.0,A143,a151,2.0,a173,1.0,A192,A201,18.0,
a14,21.0,,A40,, A63 ,a74,1.0,a92,A101,2.0,A123,31.0,A141,a152,1.0,a174,1.0,A191,A201,21.0,
A12,18.0,A32,,1042.0, A65 ,A73,4.0,a92,A101,2.0,A122,33.0,A143,A152,1.0,a173,1.0,A191,A201,18.0,
A14,15.0,A32,A40,3186.0, a64 ,A74,2.0,a92,A101,3.0,A123,20.0,A143,a151,1.0,A173,1.0,A191,A201,15.0,
A12,12.0,,A41,2028.0, A65 ,A73,4.0,A93,a101,2.0,A123,30.0,A143,a152,1.0,A173,1.0,A191,A201,12.0,
A12,,A34,A40,958.0, A61 ,A74,2.0,A93,A101,3.0,A121,47.0,a143,A152,2.0,A172,2.0,A191,a201,,
A14,21.0,A33,,1591.0, A62 ,A74,4.0,,A101,3.0,A121,34.0,A143,A152,2.0,A174,1.0,A191,a201,21.0, 
A12,12.0,A32,A42,2762.0, A65 ,A75,1.0,A92,A101,2.0,A122,25.0,A141,A152,1.0,a173,1.0,A192,A201,12.0, 
A12,18.0,A32,a41,2779.0, a61 ,A73,1.0,A94,A101,3.0,A123,21.0,A143,A151,1.0,A173,,A192,a201,18.0,
A14,,A34,a43,2743.0, A61 ,a75,4.0,A93,A101,2.0,A123,29.0,A143,A152,2.0,A173,1.0,A191,,,
A14,18.0,A34,a43,1149.0, A64 ,A73,4.0,A93,A101,3.0,A121,46.0,A143,,2.0,a173,,A191,A201,18.0,
A14,9.0,a32,A42,1313.0, A61 ,a75,1.0,A93,A101,4.0,,20.0,a143,a152,1.0,A173,1.0,A191,A201,9.0,
A11,18.0,A34,A45,1190.0, a61 ,A71,2.0,A92,A101,4.0,a124,55.0,A143,a153,3.0,A171,2.0,A191,A201,18.0,
A14,5.0,A32,A49,3448.0, A61 ,A74,1.0,a93,A101,4.0,A121,74.0,A143,A152,1.0,A172,1.0,A191,A201,5.0,
A12,24.0,A32,A410,11328.0, A61 ,A73,2.0,A93,A102,3.0,A123,,A141,a152,2.0,A174,1.0,A192,A201,24.0,
A11,6.0,A34,A42,1872.0, a61 ,A71,4.0,a93,A101,4.0,A124,36.0,A143,,3.0,A174,1.0,,A201,6.0, 
A14,24.0,a34,A45,2058.0, A61 ,A73,4.0,A91,A101,2.0,a121,33.0,a143,A152,2.0,A173,,A192,A201,24.0,
A11,9.0,A32,A42,2136.0, a61 ,A73,,A93,A101,2.0,A121,25.0,A143,A152,1.0,A173,1.0,A191,A201,9.0,
A12,,A32,A43,1484.0, A65 ,A73,2.0,A94,A101,1.0,A121,25.0,A143,a152,1.0,A173,1.0,,A201,,
A14,6.0,a32,A45,660.0, A63 ,A74,2.0,a94,A101,4.0,a121,23.0,A143,A151,1.0,A172,1.0,A191,a201,6.0,
A14,24.0,A34,A40,1287.0, A64 ,a75,4.0,,A101,4.0,A121,37.0,A143,A152,,A173,1.0,A192,,24.0,
A11,42.0,A34,A45,3394.0, nan ,A71,4.0,A93,,4.0,A123,65.0,A143,A152,2.0,A171,1.0,A191,A201,42.0,
a13,12.0,A31,A49,609.0, A61 ,A72,4.0,A92,A101,1.0,A121,26.0,A143,A152,,A171,1.0,A191,a201,12.0,
A14,12.0,A32,A40,1884.0, A61 ,A75,4.0,a93,A101,4.0,A123,39.0,a143,A152,1.0,A174,1.0,A192,A201,12.0,
a11,12.0,A32,A42,1620.0, A61 ,,2.0,A92,A102,3.0,A122,30.0,a143,A152,1.0,a173,1.0,A191,A201,12.0,
A12,20.0,A33,A410,2629.0, A61 ,A73,2.0,A93,a101,3.0,A123,29.0,a141,A152,2.0,A173,1.0,A192,A201,20.0,
A14,12.0,A32,A46,719.0, A61 ,,4.0,A93,A101,4.0,A123,41.0,A141,A152,1.0,A172,2.0,A191,A201,12.0,
A12,48.0,A34,A42,5096.0, A61 ,A73,2.0,A92,A101,3.0,A123,30.0,A143,A152,1.0,A174,1.0,A192,A201,48.0,
A14,9.0,A34,A46,1244.0, A65 ,A75,4.0,a92,,4.0,A122,,A143,A151,2.0,A172,1.0,A191,A201,9.0,
A11,36.0,A32,A40,1842.0, A61 ,A72,4.0,A92,a101,4.0,A123,34.0,A143,A152,1.0,A173,1.0,a192,a201,36.0, 
a12,7.0,A32,A43,2576.0, A61 ,A73,2.0,A93,A103,2.0,A121,35.0,A143,A152,1.0,A173,1.0,A191,a201,7.0,
A13,12.0,A32,A42,1424.0, a65 ,A75,3.0,A92,A101,4.0,,55.0,A143,A152,1.0,A174,1.0,a192,A201,12.0,99
A12,15.0,a33,A45,1512.0, a64 ,a73,3.0,a94,A101,3.0,A122,61.0,a142,A152,2.0,A173,1.0,A191,a201,15.0, 
A14,36.0,a34,A41,11054.0, a65 ,A73,4.0,a93,A101,2.0,A123,30.0,A143,a152,1.0,A174,1.0,A192,a201,36.0,
A14,6.0,A32,A43,518.0, A61 ,A73,3.0,A92,A101,1.0,A121,29.0,A143,A152,1.0,A173,1.0,A191,A201,6.0,
a14,12.0,A30,A42,2759.0, A61 ,A75,2.0,A93,A101,4.0,,,A143,A152,2.0,,1.0,A191,a201,12.0,
A14,24.0,A32,A41,2670.0, A61 ,A75,4.0,A93,A101,4.0,A123,35.0,A143,A152,1.0,A174,1.0,A192,A201,24.0,
A11,,A32,A40,4817.0, a61 ,A74,2.0,A93,A102,3.0,A122,31.0,A143,a152,1.0,A173,1.0,A192,A201,,
a14,24.0,A32,a41,2679.0, A61 ,A72,4.0,A92,a101,1.0,a124,29.0,A143,A152,1.0,A174,1.0,A192,A201,24.0,
,11.0,A34,A40,3905.0, A61 ,a73,2.0,a93,a101,2.0,A121,36.0,,a151,2.0,A173,2.0,a191,A201,11.0,
A11,12.0,A32,A41,3386.0, A61 ,A75,3.0,A93,A101,4.0,A124,35.0,A143,A153,,A173,1.0,A192,,12.0,
A11,6.0,A32,A44,343.0, A61 ,,4.0,A92,a101,,A121,27.0,A143,A152,1.0,A173,1.0,A191,A201,6.0,
A14,18.0,A32,A43,4594.0, A61 ,unknown,3.0,A93,A101,2.0,A123,32.0,A143,A152,1.0,A173,1.0,A192,A201,18.0,
A11,36.0,A32,A42,3620.0, A61 ,A73,1.0,a93,A103,2.0,A122,37.0,A143,A152,1.0,,2.0,a191,A201,36.0,99
A11,15.0,A32,A40,1721.0, a61 ,A72,2.0,A93,,3.0,A121,36.0,A143,A152,1.0,A173,1.0,A191,A201,15.0,
A12,12.0,a32,A42,3017.0, A61 ,A72,3.0,A92,A101,1.0,A121,34.0,A143,a151,1.0,A174,1.0,A191,a201,12.0,
A12,12.0,A32,A48,754.0, A65 ,a75,4.0,A93,A101,4.0,A122,38.0,A143,,2.0,A173,1.0,A191,a201,12.0,
A14,18.0,A32,A49,1950.0, A61 ,a74,4.0,A93,A101,1.0,A123,34.0,A142,A152,2.0,A173,1.0,A192,A201,18.0,
A11,,a32,A41,2924.0, a61 ,A73,3.0,A93,a103,4.0,,63.0,A141,A152,1.0,A173,2.0,A192,A201,, 
a11,24.0,A33,A43,1659.0, a61 ,a72,4.0,A92,A101,2.0,A123,29.0,a143,A151,1.0,A172,1.0,A192,A201,24.0, 
A14,48.0,,A43,7238.0, A65 ,A75,3.0,A93,a101,3.0,A123,32.0,A141,A152,2.0,A173,,a191,A201,48.0,
A14,33.0,A33,A49,2764.0, A61 ,A73,2.0,A92,A101,2.0,A123,26.0,A143,a152,2.0,A173,1.0,a192,A201,33.0,
A14,24.0,A33,A41,4679.0, A61 ,a74,3.0,,A101,3.0,A123,35.0,A143,A152,2.0,A172,1.0,a192,A201,24.0,
,24.0,A32,,3092.0, A62 ,a72,3.0,A94,A101,2.0,A123,22.0,A143,a151,1.0,a173,1.0,a192,A201,24.0,
a11,6.0,A32,A46,448.0, A61 ,A72,,A92,A101,4.0,A122,23.0,A143,A152,1.0,A173,1.0,A191,A201,6.0,
,9.0,A32,A40,654.0, A61 ,a73,4.0,A93,A101,3.0,a123,28.0,A143,A152,1.0,A172,1.0,A191,a201,9.0,
A14,6.0,A32,A48,1238.0, A65 ,A71,4.0,A93,a101,4.0,a122,36.0,A143,A152,1.0,A174,2.0,A192,A201,6.0,
A12,18.0,A34,A43,1245.0, nan ,A73,4.0,a94,a101,2.0,A123,33.0,A143,a152,1.0,A173,1.0,A191,a201,18.0,
A11,18.0,A30,A42,3114.0, A61 ,A72,1.0,A92,A101,4.0,A122,26.0,,A151,1.0,A173,,A191,A201,18.0,
A14,39.0,A32,a41,2569.0, A63 ,A73,4.0,A93,a101,4.0,A123,24.0,A143,a152,1.0,A173,1.0,A191,A201,39.0,
A13,24.0,a32,A43,5152.0, a61 ,A74,,A93,A101,2.0,A123,25.0,A141,a152,1.0,A173,1.0,a191,,24.0,
a12,12.0,A32,A49,1037.0, A62 ,A74,3.0,A93,A101,4.0,A121,39.0,A143,A152,1.0,A172,1.0,A191,A201,12.0,
A11,15.0,A34,a42,1478.0, A61 ,A75,4.0,A93,A101,4.0,a123,44.0,A143,A152,2.0,a173,2.0,A192,A201,15.0,
A12,12.0,a34,A43,3573.0, A61 ,A73,1.0,,A101,1.0,a121,23.0,A143,A152,1.0,A172,1.0,A191,A201,12.0,
a12,24.0,A32,a40,1201.0, a61 ,A72,4.0,A93,a101,1.0,A122,26.0,,A152,1.0,A173,1.0,A191,A201,24.0,99
a11,30.0,A32,A42,3622.0, A64 ,A75,4.0,A92,a101,4.0,A122,57.0,A143,,2.0,,1.0,A192,a201,30.0,99
A14,,A33,A42,960.0, A64 ,,3.0,A92,a101,2.0,A122,30.0,A143,a152,2.0,A173,1.0,A191,A201,,
A14,12.0,A34,A40,1163.0, A63 ,a73,4.0,A93,A101,,A121,44.0,A143,a152,1.0,a173,1.0,A192,A201,12.0,
A12,6.0,A33,A40,1209.0, A61 ,a71,4.0,a93,A101,4.0,A122,47.0,A143,A152,1.0,A174,1.0,A192,A201,6.0,
,12.0,A32,A43,, A61 ,A73,2.0,A93,,,a123,52.0,a143,,1.0,A173,1.0,a192,A201,12.0, 
a14,24.0,A32,A40,3757.0, A61 ,A75,4.0,A92,A102,4.0,A124,62.0,A143,A153,1.0,A173,1.0,A192,A201,24.0,
A14,10.0,A32,,1418.0, A62 ,A73,3.0,A93,A101,2.0,A121,35.0,a143,A151,1.0,a172,1.0,A191,A202,10.0,99
a14,6.0,A32,A40,3518.0, A61 ,A73,2.0,A93,A103,3.0,A122,26.0,A143,A151,1.0,A173,1.0,A191,A201,6.0,
A14,12.0,A34,A43,1934.0, A61 ,A75,2.0,A93,a101,2.0,A124,26.0,A143,A152,2.0,,1.0,A191,A201,12.0, 
A12,27.0,A30,a49,8318.0, A61 ,A75,2.0,A92,,,A124,42.0,A143,A153,2.0,A174,,A192,A201,27.0,
A14,6.0,A34,A43,1237.0, A62 ,A73,1.0,A92,A101,1.0,a122,27.0,A143,A152,2.0,A173,1.0,A191,A201,6.0,
A12,6.0,A32,A43,368.0, A65 ,A75,4.0,a93,A101,4.0,A122,38.0,A143,A152,1.0,A173,1.0,A191,A201,6.0,
A11,12.0,A34,a40,2122.0, a61 ,a73,3.0,A93,a101,2.0,A121,39.0,a143,A151,2.0,A172,2.0,A191,A202,12.0, 
A11,24.0,A32,A42,2996.0, A65 ,A73,2.0,A94,A101,4.0,A123,20.0,A143,A152,1.0,A173,1.0,a191,A201,24.0,
A12,36.0,A32,A42,9034.0, A62 ,A72,4.0,A93,A102,1.0,A124,29.0,A143,A151,1.0,A174,1.0,A192,A201,36.0,
A14,24.0,A34,A42,1585.0, A61 ,,4.0,A93,a101,3.0,A122,40.0,A143,A152,,A173,1.0,A191,a201,24.0, 
a12,18.0,A32,A43,1301.0, A61 ,A75,4.0,A94,A103,2.0,a121,32.0,A143,a152,1.0,A172,1.0,A191,A201,18.0,
A13,6.0,A34,A40,1323.0, A62 ,a75,2.0,A91,A101,,A123,28.0,A143,A152,2.0,a173,2.0,A192,A201,6.0,
A11,24.0,A32,A40,3123.0, A61 ,A72,4.0,A92,A101,,A122,27.0,A143,a152,1.0,A173,1.0,A191,A201,24.0,
A11,36.0,A32,A41,5493.0, a61 ,a75,2.0,A93,A101,,A124,,A143,A153,1.0,A173,2.0,a191,A201,36.0,
A13,,A32,A43,1126.0, A62 ,A75,2.0,A91,A101,4.0,A121,49.0,A143,,1.0,A173,1.0,A191,A201,,
a12,24.0,A34,,, A62 ,,4.0,A93,A101,4.0,A124,38.0,A141,A152,2.0,A173,2.0,A191,A201,24.0, 
A11,24.0,a32,A40,1207.0, a61 ,A72,4.0,A92,A101,4.0,a122,24.0,A143,,1.0,A173,1.0,A191,A201,24.0,
A14,10.0,A32,A40,1309.0, A65 ,unknown,4.0,A93,A103,4.0,A122,27.0,A143,A152,1.0,A172,1.0,A191,,10.0,
A13,15.0,A34,A41,2360.0, A63 ,A73,2.0,,A101,2.0,A123,36.0,A143,A152,1.0,A173,1.0,a192,A201,15.0,
A12,15.0,A31,a40,, A62 ,A71,1.0,A93,A101,2.0,a122,34.0,A143,A152,1.0,A174,2.0,A192,A201,15.0,
A14,24.0,A32,a43,1413.0, A61 ,A73,4.0,A94,A101,2.0,a122,28.0,A143,a152,1.0,A173,1.0,A191,A201,24.0,
A14,39.0,A32,A41,8588.0, A62 ,A75,4.0,A93,a101,2.0,a123,45.0,A143,A152,1.0,A174,1.0,A192,A201,39.0,
a11,12.0,a32,A40,759.0, A61 ,A74,4.0,A93,A101,2.0,,26.0,A143,a152,1.0,A173,1.0,A191,A201,12.0,
A14,36.0,A32,A41,4686.0, A61 ,a73,2.0,A93,a101,2.0,A124,32.0,A143,a153,1.0,A174,1.0,a192,A201,36.0,
a13,15.0,A32,A49,, A61 ,A74,,A93,A101,4.0,A122,26.0,A143,A151,1.0,A173,1.0,A192,A201,15.0,
A12,,A33,A43,585.0, A61 ,A73,4.0,A94,A102,4.0,A121,20.0,A143,A151,2.0,A173,1.0,A191,A201,,
,24.0,a32,A40,2255.0, A65 ,A72,4.0,A93,a101,1.0,A122,54.0,,A152,1.0,a173,1.0,a191,A201,24.0,
,,A34,a40,609.0, A61 ,A74,4.0,a92,A101,3.0,A122,37.0,A143,a152,2.0,A173,1.0,A191,A202,,
a11,6.0,,A40,1361.0, A61 ,A72,2.0,A93,A101,4.0,A121,40.0,a143,A152,1.0,A172,2.0,A191,A202,6.0,99
a14,36.0,A34,A42,7127.0, A61 ,A72,2.0,a92,A101,4.0,A122,23.0,A143,A151,2.0,A173,1.0,A192,,36.0,
a11,6.0,A32,A40,1203.0, a62 ,A75,3.0,A93,A101,2.0,A122,43.0,A143,A152,1.0,A173,1.0,A192,a201,6.0,
A14,6.0,A34,A43,, A65 ,A75,4.0,A93,A101,4.0,A124,36.0,A143,A153,2.0,A173,1.0,A191,A201,6.0,
a14,24.0,A34,A45,5507.0, A61 ,A75,3.0,A93,A101,4.0,A124,44.0,A143,A153,,A173,1.0,a191,A201,24.0,
A11,18.0,A32,A43,3190.0, A61 ,A73,2.0,A92,a101,2.0,,24.0,A143,A152,1.0,A173,1.0,A191,A201,18.0,
a11,48.0,A30,A42,7119.0, A61 ,A73,3.0,A93,A101,4.0,A124,53.0,A143,A153,2.0,A173,2.0,A191,a201,48.0,
a14,24.0,a32,A41,, A62 ,A74,3.0,a92,A101,4.0,a123,23.0,A143,A152,1.0,a173,1.0,A191,A201,24.0,
A12,18.0,a32,A43,1113.0, A61 ,A73,4.0,A92,A103,4.0,A121,,a143,A152,1.0,A172,2.0,A191,a201,18.0,
A12,26.0,A32,a41,7966.0, nan ,A72,2.0,,A101,3.0,A123,30.0,A143,a152,2.0,A173,1.0,A191,A201,26.0,
A14,15.0,A34,A46,1532.0, A62 ,,4.0,A92,A101,3.0,A123,,a143,A152,1.0,a173,1.0,A191,A201,15.0, 
A14,4.0,A34,A43,1503.0, A61 ,A74,2.0,A93,A101,1.0,A121,,A143,A152,2.0,a172,2.0,A191,A201,4.0,
a11,36.0,,A43,, A61 ,A73,4.0,A91,A101,4.0,A123,31.0,a143,a151,1.0,A173,1.0,A191,A201,36.0,
A11,6.0,A32,A40,662.0, A61 ,A72,3.0,a93,A101,,A121,41.0,a143,A152,1.0,A172,2.0,a192,a201,6.0,
A12,36.0,a32,A46,2273.0, A61 ,A74,3.0,A93,A101,1.0,A123,32.0,a143,A152,2.0,A173,2.0,,a201,36.0,
a12,15.0,A32,A40,2631.0, A62 ,A73,2.0,,A101,4.0,A123,28.0,A143,A151,2.0,A173,1.0,A192,A201,15.0,
a14,12.0,A33,A41,1503.0, A61 ,A73,4.0,a94,A101,4.0,A121,41.0,A143,A151,1.0,A173,1.0,A191,A201,12.0,
A14,24.0,,a43,1311.0, A62 ,,4.0,A94,A101,3.0,a122,26.0,A143,a152,1.0,A173,1.0,a192,A201,24.0,
a14,24.0,A32,A43,3105.0, A65 ,A72,4.0,A93,A101,2.0,A123,25.0,A143,A152,2.0,A173,1.0,A191,A201,24.0,
A13,21.0,A34,A46,2319.0, a61 ,A72,2.0,a91,A101,1.0,A123,33.0,a143,A151,1.0,A173,1.0,A191,a201,21.0,
A11,6.0,A32,A40,1374.0, A65 ,A71,4.0,A92,A101,3.0,A122,75.0,A143,A152,1.0,A174,1.0,A192,a201,6.0,
a12,18.0,A34,A42,3612.0, A61 ,A75,3.0,A92,A101,4.0,A122,37.0,A143,A152,1.0,A173,1.0,A192,A201,18.0,
A11,48.0,A32,A40,7763.0, A61 ,A75,4.0,A93,,4.0,A124,42.0,A141,A153,1.0,A174,1.0,a191,A201,48.0, 
A13,18.0,A32,A42,3049.0, A61 ,A72,1.0,A92,A101,1.0,A122,45.0,A142,A152,1.0,A172,1.0,A191,A201,18.0,
A12,12.0,A32,A43,, A61 ,A72,1.0,A94,A101,1.0,A121,23.0,A143,a151,1.0,,1.0,A191,A201,12.0,
A14,24.0,A33,A40,2032.0, A61 ,A75,4.0,A93,a101,4.0,a124,60.0,A143,a153,2.0,A173,1.0,A192,A201,24.0,
A11,30.0,A32,A42,6350.0, A65 ,A75,4.0,A93,a101,4.0,A122,31.0,A143,A152,,A173,1.0,A191,A201,30.0,
a13,18.0,A32,A42,2864.0, A61 ,A73,2.0,A93,A101,1.0,A121,34.0,a143,A152,1.0,A172,2.0,a191,A201,18.0,
A14,12.0,A34,a40,1255.0, A61 ,A75,4.0,A93,A101,4.0,A121,-5.0,A143,A152,2.0,a172,1.0,A191,a201,12.0,
A11,24.0,A33,A40,1333.0, A61 ,A71,,A93,A101,2.0,A121,43.0,A143,A153,2.0,A173,2.0,a191,a201,24.0,99
A14,24.0,A34,A40,, A61 ,A73,4.0,??,A101,4.0,A123,37.0,A143,A152,1.0,A173,1.0,a192,A201,24.0,
A14,24.0,A32,A43,1552.0, nan ,A74,3.0,A93,,1.0,A123,32.0,A141,a152,1.0,a173,2.0,A191,A201,24.0,
A11,,A31,A43,626.0, A61 ,A73,4.0,A92,A101,4.0,A121,24.0,A141,a152,,A172,1.0,a191,A201,,
A14,48.0,A34,A41,8858.0, A65 ,A74,2.0,a93,A101,1.0,A124,35.0,A143,A153,2.0,A173,1.0,A192,A201,48.0,
A14,12.0,A34,A45,996.0, A65 ,A74,4.0,A92,A101,4.0,A121,23.0,A143,A152,2.0,A173,1.0,A191,a201,12.0,
A14,6.0,A31,a43,, A63 ,A75,2.0,a93,a101,4.0,A122,45.0,A141,A152,1.0,A172,2.0,A191,,6.0,
A11,48.0,A32,A43,6999.0, A61 ,a74,1.0,a94,A103,1.0,A121,34.0,A143,A152,2.0,A173,1.0,a192,A201,48.0,
A12,12.0,a34,A40,1995.0, A62 ,,4.0,A93,A101,1.0,A123,27.0,A143,A152,1.0,A173,1.0,A191,A201,12.0, 
A12,9.0,A32,a46,1199.0, A61 ,A74,4.0,A92,A101,4.0,A122,67.0,a143,A152,2.0,a174,1.0,A192,A201,9.0, 
A12,12.0,A32,A43,1331.0, a61 ,A72,2.0,A93,A101,1.0,A123,22.0,A142,A152,1.0,A173,1.0,A191,A201,12.0,
A12,18.0,A30,A40,2278.0, A62 ,A72,3.0,A92,A101,3.0,A123,28.0,A143,A152,2.0,A173,1.0,A191,A201,18.0,
,21.0,A30,A40,5003.0, A65 ,A73,1.0,a92,A101,4.0,a122,29.0,A141,A152,2.0,A173,1.0,A192,A201,21.0,
A11,24.0,A31,A42,3552.0, A61 ,A74,3.0,A93,A101,4.0,A123,27.0,A141,A152,1.0,A173,1.0,A191,A201,24.0,
A12,18.0,A34,A42,1928.0, A61 ,a72,2.0,A93,A101,2.0,A121,31.0,A143,,2.0,A172,1.0,a191,a201,18.0,
A11,24.0,A32,A41,2964.0, A65 ,A75,4.0,A93,A101,4.0,A124,49.0,a141,A153,1.0,,2.0,A192,A201,24.0, 
a11,24.0,A31,a43,1546.0, A61 ,A74,4.0,a93,A103,4.0,A123,24.0,A141,A151,1.0,A172,1.0,a191,A201,24.0,
A13,6.0,A33,A43,683.0, A61 ,A72,2.0,a92,A101,1.0,A122,29.0,A141,A152,1.0,A173,1.0,A191,A201,6.0,99
,36.0,A32,A40,, A65 ,A73,1.0,A93,A101,4.0,A124,37.0,A143,A153,1.0,A173,1.0,A192,A201,36.0,
a12,24.0,A33,A49,4712.0, A65 ,A73,4.0,A93,A101,,A122,37.0,A141,A152,2.0,A174,1.0,A192,A201,24.0,
A12,24.0,A33,A43,1553.0, nan ,a74,3.0,A92,A101,2.0,A122,23.0,A143,A151,2.0,A173,1.0,A192,A201,24.0,
A11,12.0,A32,A40,1372.0, A61 ,A74,2.0,A91,A101,3.0,,36.0,A143,A152,1.0,A173,1.0,A191,A201,12.0,
A14,24.0,A34,A43,2578.0, A64 ,A75,2.0,A93,a101,2.0,A123,34.0,A143,A152,1.0,A173,1.0,a191,a201,24.0,
A12,48.0,A32,A43,3979.0, A65 ,a74,4.0,A93,A101,1.0,A123,41.0,A143,A152,2.0,A173,2.0,A192,A201,48.0,
A11,48.0,A32,A43,6758.0, A61 ,a73,,A92,A101,2.0,A123,31.0,A143,a152,1.0,A173,1.0,A192,A201,48.0,
a11,24.0,A32,A42,3234.0, A61 ,A72,4.0,A92,A101,4.0,A121,23.0,A143,A151,1.0,A172,1.0,A192,A201,24.0,
a14,30.0,A34,A43,5954.0, a61 ,,3.0,A93,A102,2.0,a123,38.0,,A152,1.0,A173,1.0,A191,A201,30.0, 
A14,24.0,A32,A41,5433.0, A65 ,A71,2.0,A92,A101,4.0,a122,26.0,A143,A151,1.0,a174,1.0,A192,A201,24.0,
a11,15.0,A32,A49,806.0, A61 ,A73,4.0,a92,a101,4.0,A122,22.0,A143,A152,1.0,A172,1.0,A191,A201,15.0,
A12,9.0,A32,a43,1082.0, A61 ,A75,,A93,A101,4.0,A123,27.0,A143,A152,2.0,A172,1.0,A191,a201,9.0,
A14,15.0,A34,A42,2788.0, A61 ,A74,2.0,A92,A102,3.0,A123,24.0,A141,A152,2.0,A173,1.0,A191,A201,15.0,
A12,,A32,A43,2930.0, A61 ,A74,2.0,A92,A101,1.0,A121,,A143,A152,1.0,A173,,A191,A201,,
A14,24.0,A34,a46,1927.0, A65 ,A73,3.0,A92,A101,2.0,A123,33.0,a143,A152,2.0,a173,1.0,A192,a201,24.0,
A12,36.0,A34,A40,2820.0, A61 ,a72,4.0,A91,a101,4.0,A123,27.0,A143,A152,2.0,,1.0,A191,A201,36.0,
a14,24.0,A32,A48,937.0, a61 ,A72,4.0,A94,A101,3.0,A123,27.0,A143,A152,2.0,A172,1.0,A191,A201,24.0, 
A12,18.0,a34,a40,1056.0, nan ,A75,3.0,A93,A103,3.0,A121,30.0,A141,A152,2.0,A173,1.0,A191,A201,18.0,
A12,12.0,A34,A40,3124.0, A61 ,A72,1.0,A93,A101,3.0,a121,49.0,A141,,2.0,A172,2.0,A191,A201,12.0,
A14,9.0,A32,a42,1388.0, a61 ,A73,,A92,A101,2.0,A121,26.0,A143,A151,1.0,A173,1.0,A191,A201,9.0,
A12,36.0,A32,A45,2384.0, A61 ,a72,4.0,A93,a101,1.0,A124,33.0,A143,a151,1.0,A172,1.0,a191,a201,36.0,99
a14,12.0,A32,A40,2133.0, A65 ,a75,4.0,A92,A101,4.0,A124,52.0,a143,A153,1.0,A174,1.0,A192,A201,12.0,
a11,18.0,a32,A42,2039.0, A61 ,A73,1.0,a92,A101,4.0,A121,20.0,,A151,1.0,A173,1.0,A191,a201,18.0,
A11,9.0,A34,a40,2799.0, A61 ,A73,2.0,A93,A101,2.0,A121,36.0,A143,A151,2.0,A173,2.0,a191,A201,9.0,
A11,12.0,A32,A42,1289.0, A61 ,,4.0,A93,A103,1.0,,21.0,A143,A152,1.0,A172,1.0,a191,A201,12.0,
A11,18.0,A32,a44,1217.0, A61 ,A73,4.0,A94,A101,3.0,A121,47.0,,A152,1.0,,1.0,A192,A201,18.0,
a11,12.0,A34,A42,2246.0, A61 ,A75,3.0,A93,A101,3.0,A122,60.0,A143,A152,,A173,1.0,A191,A201,12.0,
A11,12.0,A34,A43,385.0, A61 ,A74,4.0,A92,A101,3.0,a121,58.0,A143,A152,4.0,a172,1.0,a192,A201,12.0,
a12,24.0,A33,A40,1965.0, a65 ,A73,4.0,,A101,4.0,A123,42.0,A143,A151,2.0,A173,1.0,A192,A201,24.0,
A14,21.0,A32,A49,1572.0, A64 ,A75,4.0,A92,A101,4.0,a121,36.0,A141,A152,1.0,A172,1.0,A191,A201,21.0,
A12,24.0,a32,A40,2718.0, A61 ,A73,3.0,A92,a101,4.0,A122,20.0,A143,A151,1.0,A172,1.0,a192,A201,24.0,
A11,24.0,A31,A410,1358.0, A65 ,A75,4.0,A93,a101,3.0,A123,40.0,A142,A152,1.0,A174,1.0,A192,A201,24.0,
A12,6.0,A31,A40,931.0, A62 ,A72,1.0,A92,A101,1.0,A122,,A142,A152,1.0,A172,1.0,A191,A201,6.0,
A11,24.0,a32,a40,1442.0, A61 ,a74,4.0,a92,A101,4.0,A123,23.0,A143,A151,2.0,A173,1.0,A191,A201,24.0,
A12,24.0,a30,A49,4241.0, A61 ,a73,,A93,a101,4.0,A121,36.0,A143,A152,3.0,A172,1.0,,A201,24.0,
A14,18.0,A34,A40,2775.0, A61 ,A74,2.0,A93,A101,2.0,A122,31.0,A141,A152,2.0,A173,1.0,a191,A201,18.0,
,24.0,A33,a49,3863.0, A61 ,A73,1.0,A93,A101,2.0,A124,32.0,A143,A153,1.0,A173,1.0,A191,A201,24.0,
A12,7.0,A32,a43,2329.0, A61 ,A72,1.0,A92,,1.0,a121,45.0,a143,A152,1.0,A173,1.0,A191,A201,7.0,
A12,9.0,A32,A42,918.0, A61 ,A73,4.0,a92,A101,1.0,A122,30.0,A143,A152,1.0,A173,1.0,A191,a201,9.0,
A12,24.0,A31,A46,1837.0, A61 ,A74,4.0,A92,A101,4.0,A124,34.0,A141,A153,1.0,a172,1.0,A191,A201,24.0,
a14,36.0,A32,A42,3349.0, A61 ,a73,4.0,A92,,2.0,A123,28.0,A143,a152,1.0,A174,1.0,A192,A201,36.0,
a13,10.0,,A42,1275.0, nan ,A72,4.0,A92,A101,2.0,A122,23.0,,A152,1.0,A173,,a191,A201,10.0,
A11,24.0,A31,A42,2828.0, a63 ,A73,4.0,A93,A101,4.0,A121,22.0,A142,A152,1.0,A173,1.0,A192,a201,24.0,
A14,24.0,,A49,4526.0, A61 ,A73,3.0,A93,A101,2.0,a121,74.0,A143,A152,1.0,A174,1.0,A192,A201,24.0,
A12,36.0,A32,A43,2671.0, A62 ,A73,4.0,A92,A102,4.0,A124,50.0,a143,A153,1.0,A173,1.0,a191,a201,36.0,
A14,18.0,A32,A43,2051.0, A61 ,A72,4.0,A93,A101,1.0,,33.0,A143,A152,1.0,A173,1.0,A191,A201,18.0,
A14,15.0,A32,A41,1300.0, A65 ,A75,4.0,A93,A101,4.0,A124,45.0,A141,A153,1.0,A173,2.0,A191,A201,15.0,
,12.0,a32,A44,741.0, A62 ,A71,4.0,A92,A101,3.0,A122,22.0,A143,A152,1.0,A173,,A191,a201,12.0,
A13,10.0,,A40,1240.0, A62 ,A75,1.0,A92,A101,4.0,A124,,A143,A153,1.0,a172,2.0,a191,A201,10.0,
a11,21.0,A32,A43,3357.0, A64 ,A72,4.0,A92,A101,2.0,A123,29.0,A141,A152,1.0,A173,1.0,A191,,21.0,
A11,24.0,a31,a41,3632.0, A61 ,,1.0,A92,A103,4.0,a123,22.0,a141,a151,1.0,,1.0,a191,A202,24.0,
A14,18.0,A33,A42,1808.0, A61 ,A74,4.0,A92,A101,1.0,,22.0,A143,A152,1.0,A173,1.0,A191,A201,18.0,
A12,48.0,A30,A49,12204.0, A65 ,A73,2.0,a93,A101,2.0,A123,48.0,A141,A152,1.0,a174,1.0,A192,A201,48.0,
A12,60.0,A33,a43,9157.0, A65 ,A73,2.0,A93,A101,2.0,A124,27.0,A143,A153,1.0,A174,1.0,A191,A201,60.0,
A11,6.0,A34,A40,3676.0, A61 ,A73,1.0,A93,A101,3.0,,37.0,A143,A151,3.0,A173,2.0,A191,A201,6.0,
a12,30.0,A32,A42,3441.0, a62 ,A73,2.0,,A102,4.0,A123,-5.0,,A151,1.0,,1.0,a191,A201,30.0,
A14,12.0,A32,A40,640.0, A61 ,A73,4.0,A91,A101,2.0,a121,49.0,,A152,1.0,A172,1.0,A191,A201,12.0,
a12,21.0,A34,A49,3652.0, A61 ,A74,2.0,A93,A101,3.0,A122,27.0,A143,A152,2.0,A173,,A191,A201,21.0,
a14,18.0,A34,A40,1530.0, A61 ,A73,3.0,A93,A101,2.0,A122,32.0,A141,A152,2.0,a173,1.0,A191,A201,18.0, 
A14,48.0,A32,A49,3914.0, a65 ,a73,4.0,A91,a101,2.0,A121,38.0,A141,A152,1.0,A173,1.0,A191,A201,48.0, 
A11,12.0,a32,A42,, A61 ,A72,4.0,A92,A101,1.0,,22.0,A143,A151,1.0,A173,1.0,A191,A201,12.0,
A11,18.0,A32,a43,2600.0, nan ,A73,4.0,,A101,4.0,A124,65.0,A143,A153,2.0,A173,1.0,A191,A201,18.0,99
a14,15.0,A32,A43,1979.0, A65 ,A75,4.0,A93,A101,2.0,A123,35.0,A143,A152,1.0,A173,1.0,A191,A201,15.0,
A13,6.0,A32,,2116.0, A61 ,A73,2.0,a93,a101,2.0,a121,41.0,a143,A152,1.0,A173,1.0,A192,A201,6.0,99
A12,9.0,A31,A40,1437.0, A62 ,A74,2.0,A93,a101,3.0,A124,29.0,,A152,1.0,A173,1.0,A191,A201,9.0,
,42.0,A34,A42,4042.0, a63 ,A73,4.0,A93,,4.0,A121,36.0,a143,a152,2.0,A173,1.0,a192,A201,42.0,
A14,9.0,A32,A46,3832.0, A65 ,A75,1.0,A93,A101,4.0,A121,64.0,A143,a152,1.0,A172,1.0,A191,A201,9.0, 
A11,24.0,A32,a43,3660.0, a61 ,A73,2.0,a92,A101,4.0,A123,28.0,A143,A152,1.0,A173,1.0,A191,A201,24.0,
A11,18.0,a31,A42,1553.0, a61 ,A73,4.0,A93,a101,3.0,A123,,A141,A152,1.0,A173,1.0,A191,A201,18.0,
A12,15.0,,A43,1444.0, A65 ,A72,4.0,,A101,1.0,A122,23.0,A143,A152,1.0,a173,1.0,a191,A201,15.0,
a14,9.0,A32,A42,1980.0, A61 ,A72,2.0,A92,A102,2.0,A123,19.0,A143,A151,2.0,A173,1.0,A191,A201,9.0,
A12,24.0,A32,A40,1355.0, A61 ,A72,3.0,A92,A101,4.0,A123,25.0,a143,A152,1.0,A172,1.0,A192,a201,24.0,
a14,12.0,A32,A46,1393.0, A61 ,A75,,A93,A101,4.0,A122,47.0,A141,A152,,a173,2.0,A192,a201,12.0,
a14,24.0,A32,A43,1376.0, a63 ,A74,4.0,A92,A101,1.0,a123,28.0,A143,A152,1.0,a173,,A191,A201,24.0,
A14,60.0,A33,,15653.0, A61 ,A74,2.0,a93,,4.0,a123,150.0,A143,A152,2.0,A173,1.0,A192,A201,60.0,
A14,12.0,A32,a43,1493.0, nan ,A72,4.0,A92,A101,3.0,A123,34.0,A143,A152,1.0,A173,2.0,A191,a201,12.0,
A11,42.0,a33,a43,4370.0, nan ,A74,,A93,,2.0,A122,26.0,A141,a152,2.0,A173,2.0,A192,A201,42.0,
,18.0,A32,a46,750.0, A61 ,unknown,4.0,A92,a101,1.0,A121,27.0,A143,A152,1.0,A171,1.0,A191,A201,18.0,
A12,15.0,A32,A45,1308.0, A61 ,A75,4.0,A93,A101,4.0,A123,38.0,A143,a152,2.0,A172,1.0,A191,A201,15.0,
A14,15.0,a32,A46,4623.0, A62 ,A73,3.0,A93,a101,2.0,A122,40.0,A143,A152,1.0,A174,1.0,a192,A201,15.0, 
A14,24.0,A34,A43,1851.0, A61 ,A74,4.0,A94,A103,2.0,A123,33.0,A143,A152,2.0,A173,1.0,A192,A201,24.0,
A11,18.0,,A43,1880.0, a61 ,A74,4.0,a94,A101,1.0,A122,32.0,A143,A152,2.0,A174,1.0,a192,a201,18.0,
A14,36.0,A33,A49,7980.0, A65 ,A72,4.0,a93,A101,4.0,A123,27.0,A143,A151,2.0,A173,1.0,A192,A201,36.0,
A11,30.0,A30,A42,4583.0, nan ,a73,2.0,A91,A103,2.0,A121,150.0,A143,A152,2.0,a173,1.0,A191,A201,30.0, 
a14,12.0,A32,a40,1386.0, a63 ,A73,2.0,A92,A101,2.0,A122,26.0,A143,A152,1.0,a173,1.0,A191,a201,12.0,
A13,24.0,A32,A40,947.0, A61 ,A74,4.0,A93,A101,3.0,,38.0,A141,A153,1.0,A173,2.0,A191,A201,24.0,
A11,12.0,A32,A46,684.0, A61 ,A73,4.0,A93,A101,4.0,A123,40.0,a143,A151,1.0,a172,2.0,A191,A201,12.0,99
A11,,A32,A46,7476.0, A61 ,A74,4.0,A93,A101,1.0,A124,50.0,A143,A153,,,1.0,A192,A201,,
A12,12.0,A32,A42,1922.0, a61 ,A73,4.0,a93,a101,2.0,A122,37.0,a143,A152,1.0,,1.0,A191,A201,12.0, 
A11,24.0,A32,a40,2303.0, A61 ,A75,4.0,A93,A102,1.0,A121,45.0,,A152,1.0,A173,1.0,a191,A201,24.0,
A12,36.0,A33,A40,8086.0, A62 ,a75,2.0,A93,A101,4.0,A123,42.0,A143,A152,4.0,A174,1.0,A192,A201,36.0,
A14,24.0,A34,,2346.0, a61 ,A74,4.0,A93,A101,3.0,A123,35.0,A143,A152,2.0,A173,1.0,A192,A201,24.0,
A11,14.0,A32,A40,, a61 ,a71,1.0,A93,A101,4.0,A124,22.0,A143,a153,1.0,A173,1.0,a191,A201,14.0,
A12,12.0,A32,A40,888.0, A61 ,A75,4.0,a93,A101,4.0,A123,41.0,a141,A152,1.0,A172,2.0,A191,A201,12.0,
a14,48.0,A32,A43,10222.0, a65 ,A74,4.0,a93,A101,3.0,A123,,A142,a152,1.0,,1.0,A192,A201,48.0,
A12,30.0,A30,a49,4221.0, A61 ,A73,2.0,A92,A101,1.0,a123,28.0,A143,A152,2.0,A173,1.0,A191,A201,30.0,
A12,18.0,A34,a42,6361.0, A61 ,A75,2.0,A93,A101,1.0,A124,41.0,A143,a152,1.0,,1.0,A192,A201,18.0, 
a13,12.0,A32,A43,1297.0, A61 ,a73,,a94,A101,4.0,A121,23.0,A143,A151,1.0,A173,1.0,A191,A201,12.0, 
A11,12.0,a32,A40,900.0, A65 ,A73,4.0,A94,A101,,A123,23.0,A143,A152,1.0,A173,1.0,a191,A201,12.0,
a14,21.0,A32,A42,2241.0, A61 ,A75,4.0,,A101,2.0,A121,-5.0,A143,A152,2.0,A173,1.0,A191,,21.0,
A12,6.0,A33,,1050.0, a61 ,A71,4.0,A93,,1.0,A122,35.0,A142,A152,2.0,A174,1.0,A192,A201,6.0,
a13,6.0,A34,A46,, A61 ,A73,2.0,A92,A101,4.0,a122,50.0,A143,A152,1.0,A172,1.0,A191,A201,6.0,
A14,24.0,A34,A410,6314.0, A61 ,A71,4.0,A93,A102,2.0,A124,27.0,A141,A152,2.0,A174,1.0,A192,A201,24.0,
A12,30.0,A31,a42,3496.0, a64 ,A73,4.0,A93,,,A123,34.0,a142,A152,1.0,a173,2.0,a192,A201,30.0,
A14,48.0,A31,A49,3609.0, A61 ,A73,1.0,A92,A101,1.0,A121,27.0,a142,A152,,A173,1.0,A191,A201,48.0,
A11,12.0,a34,,4843.0, A61 ,A75,3.0,A93,A102,4.0,A122,43.0,A143,A151,2.0,A173,1.0,A192,A201,12.0,
A13,30.0,A34,A43,3017.0, A61 ,A75,4.0,A93,A101,4.0,,47.0,A143,a152,1.0,A173,1.0,A191,A201,30.0,
A14,24.0,A34,A49,4139.0, A62 ,A73,3.0,A93,A101,3.0,A122,27.0,A143,A152,2.0,A172,,A192,A201,24.0,
A14,36.0,A32,,5742.0, A62 ,A74,2.0,A93,A101,2.0,A123,31.0,,a152,2.0,A173,1.0,a192,A201,36.0,
A14,60.0,A32,A40,10366.0, A61 ,A75,2.0,A93,A101,4.0,A122,42.0,A143,A152,1.0,A174,1.0,A192,A201,60.0,
A14,6.0,A34,A40,2080.0, A63 ,A73,1.0,a94,A101,2.0,A123,24.0,A143,a152,1.0,A173,1.0,A191,A201,6.0,
A14,21.0,A33,A49,2580.0, A63 ,A72,4.0,A93,A101,,,41.0,A141,a152,1.0,A172,2.0,A191,A201,21.0,
A14,30.0,A34,A43,4530.0, nan ,A74,4.0,A92,A101,4.0,A123,26.0,a143,,1.0,a174,1.0,A192,A201,30.0,
a14,24.0,A34,A42,, a61 ,a75,4.0,A93,A101,4.0,A123,33.0,A143,A152,1.0,A173,1.0,A192,A201,24.0,
A12,72.0,A32,A43,5595.0, A62 ,A73,2.0,A94,A101,2.0,a123,24.0,A143,A152,1.0,A173,1.0,A191,A201,72.0,
A11,24.0,A32,A43,2384.0, A61 ,A75,4.0,a93,a101,4.0,a121,64.0,A141,A151,1.0,,1.0,A191,,24.0,
a14,18.0,a32,A43,1453.0, A61 ,A72,3.0,A92,a101,1.0,a121,26.0,A143,A152,1.0,A173,1.0,A191,A201,18.0,
A14,6.0,A32,A46,1538.0, A61 ,a72,1.0,,A101,2.0,A124,56.0,A143,a152,1.0,A173,1.0,A191,A201,6.0,
A14,12.0,A32,A43,2279.0, a65 ,A73,4.0,A93,,4.0,A124,37.0,A143,,,A173,1.0,A192,A201,12.0,
A14,15.0,,a43,1478.0, A61 ,A73,4.0,A94,a101,3.0,A121,33.0,A141,A152,,A173,1.0,A191,A201,15.0, 
a14,24.0,A34,A43,5103.0, A61 ,A72,3.0,A94,A101,3.0,A124,47.0,A143,A153,3.0,a173,1.0,A192,A201,24.0,
a12,36.0,A33,A49,9857.0, A62 ,A74,1.0,a93,A101,3.0,A122,31.0,a143,A152,2.0,a172,2.0,A192,A201,36.0,
A14,60.0,,A40,6527.0, A65 ,,4.0,A93,A101,4.0,A124,34.0,A143,A153,1.0,A173,2.0,A192,A201,60.0,
A13,10.0,a34,A43,1347.0, A65 ,A74,4.0,A93,A101,2.0,A122,27.0,A143,A152,2.0,A173,1.0,A192,A201,10.0,
A12,36.0,A33,A40,, A62 ,A75,4.0,A93,a101,3.0,a124,30.0,A143,a153,1.0,A173,1.0,a191,a201,36.0,
A14,9.0,a32,a43,2753.0, A62 ,A75,3.0,a93,A102,4.0,A123,35.0,A143,A152,1.0,A173,1.0,a192,A201,9.0,
A11,12.0,A32,,3651.0, A64 ,A73,1.0,A93,A101,3.0,A122,31.0,A143,A152,1.0,A173,2.0,A191,A201,12.0,
A11,15.0,A34,A42,975.0, A61 ,A73,2.0,A91,A101,3.0,A122,25.0,A143,A152,2.0,A173,1.0,A191,A201,15.0, 
A12,15.0,a32,A45,, A62 ,A73,3.0,A92,A101,2.0,A121,25.0,,A152,1.0,a172,1.0,A191,A201,15.0,
A12,24.0,,A43,2896.0, A62 ,A72,2.0,A93,A101,1.0,A123,29.0,A143,A152,1.0,A173,1.0,a191,,24.0,
A11,6.0,A34,A40,4716.0, A65 ,A72,1.0,,A101,3.0,A121,44.0,A143,A152,2.0,A172,2.0,A191,A201,6.0,
a14,24.0,A32,A43,2284.0, A61 ,A74,4.0,a93,A101,2.0,A123,28.0,A143,A152,1.0,A173,1.0,A192,A201,24.0,
A14,6.0,A32,,1236.0, A63 ,A73,2.0,A93,A101,4.0,A122,50.0,A143,A151,1.0,A173,1.0,A191,A201,6.0,
A12,,A32,A43,1103.0, A61 ,A74,4.0,A93,A103,3.0,A121,29.0,A143,A152,2.0,A173,1.0,a191,A202,, 
A14,12.0,A34,A40,926.0, A61 ,A71,1.0,A92,A101,2.0,A122,38.0,A143,a152,1.0,A171,1.0,A191,a201,12.0,
A14,18.0,A34,A43,1800.0, a61 ,A73,4.0,a93,A101,2.0,A123,24.0,a143,A152,2.0,A173,1.0,A191,A201,18.0,
A13,15.0,A32,A46,1905.0, A61 ,A75,4.0,A93,a101,4.0,A123,40.0,A143,A151,1.0,A174,1.0,A192,A201,15.0,
A14,12.0,A32,A42,1123.0, A63 ,A73,4.0,a92,A101,4.0,a123,29.0,a143,A151,1.0,A172,1.0,A191,A201,12.0,
A11,48.0,A34,A41,6331.0, A61 ,A75,4.0,a93,a101,4.0,A124,46.0,A143,,2.0,A173,1.0,A192,a201,48.0,
A13,24.0,A32,A43,1377.0, A62 ,A75,4.0,A92,A101,2.0,A124,47.0,A143,A153,1.0,A173,1.0,A192,A201,24.0, 
A12,30.0,,A49,2503.0, A62 ,A75,4.0,a93,A101,2.0,A122,41.0,A142,a152,,a173,1.0,A191,A201,30.0,99
A12,27.0,A32,A49,2528.0, A61 ,A72,,A92,A101,1.0,a122,32.0,A143,A152,1.0,a173,2.0,,A201,27.0,
A14,15.0,A32,A40,5324.0, A63 ,A75,,A92,A101,4.0,A124,35.0,A143,A153,1.0,A173,1.0,A191,A201,15.0,
A12,48.0,a32,A40,6560.0, A62 ,A74,3.0,a93,,2.0,A122,24.0,A143,a152,1.0,A173,1.0,a191,A201,48.0,
A12,12.0,A30,a42,2969.0, A61 ,A72,4.0,A92,A101,3.0,A122,25.0,A143,A151,,A173,,A191,A201,12.0, 
A12,9.0,,A43,1206.0, A61 ,A75,4.0,A92,A101,4.0,A121,25.0,A143,a152,1.0,A173,1.0,A191,A201,9.0,
A12,9.0,A32,A43,2118.0, a61 ,a73,2.0,A93,A101,2.0,A121,37.0,A143,A152,1.0,A172,2.0,A191,A201,9.0,
A14,18.0,A34,,629.0, A63 ,A75,,A93,A101,3.0,a122,32.0,A141,A152,2.0,A174,1.0,A192,A201,18.0,
A11,6.0,A31,a46,1198.0, A61 ,A75,4.0,A92,A101,4.0,a124,35.0,A143,A153,1.0,A173,1.0,A191,A201,6.0,
A14,21.0,A32,a41,2476.0, a65 ,A75,4.0,a93,a101,4.0,A121,46.0,A143,A152,1.0,a174,1.0,A192,A201,21.0,
a11,9.0,A34,a43,1138.0, A61 ,A73,4.0,A93,A101,4.0,A121,25.0,a143,A152,2.0,A172,1.0,A191,,9.0,
A12,60.0,,A40,14027.0, A61 ,A74,4.0,A93,A101,2.0,a124,27.0,A143,A152,,a174,1.0,A192,a201,60.0,
A14,30.0,A34,A41,7596.0, A65 ,A75,1.0,A93,A101,,A123,63.0,a143,A152,2.0,A173,1.0,A191,A201,30.0,
A14,30.0,A34,A43,3077.0, A65 ,a75,3.0,A93,A101,2.0,A123,40.0,A143,A152,,A173,2.0,a192,,30.0,
A14,18.0,A32,A43,1505.0, a61 ,a73,4.0,A93,A101,2.0,A124,32.0,A143,a153,1.0,A174,1.0,,A201,18.0,
A13,24.0,A34,A43,3148.0, A65 ,A73,3.0,A93,a101,,A123,31.0,a143,A152,2.0,A173,1.0,A192,A201,24.0,
A12,20.0,,A41,6148.0, A62 ,A75,3.0,a94,A101,4.0,A123,31.0,A141,A152,2.0,A173,1.0,a192,A201,20.0,
A13,9.0,A30,a43,1337.0, A61 ,a72,4.0,A93,a101,2.0,a123,34.0,A143,A152,2.0,A174,1.0,A192,a201,9.0, 
A12,6.0,a31,a46,433.0, A64 ,a72,4.0,A92,A101,2.0,A122,24.0,A141,A151,1.0,A173,2.0,a191,A201,6.0,
a11,12.0,A32,A40,1228.0, A61 ,A73,,A92,A101,2.0,A121,24.0,A143,A152,1.0,A172,1.0,A191,A201,12.0,
A12,9.0,A32,A43,790.0, A63 ,a73,4.0,A92,A101,3.0,A121,66.0,A143,a152,1.0,a172,1.0,A191,A201,9.0,
A14,27.0,A32,A40,2570.0, A61 ,A73,3.0,A92,a101,3.0,A121,21.0,a143,A151,1.0,a173,1.0,,A201,27.0,
A14,6.0,A34,a40,, a64 ,A73,2.0,A92,A101,2.0,A121,41.0,A141,A152,2.0,A172,1.0,A191,a201,6.0,
A14,15.0,A34,A43,, A63 ,A73,2.0,A94,A101,2.0,a122,47.0,A143,A152,2.0,,1.0,,A201,15.0,
A11,18.0,a32,a43,1882.0, a61 ,A73,4.0,a92,A101,4.0,A123,25.0,A141,A151,2.0,,1.0,a191,A201,18.0,99
A12,48.0,A31,a49,6416.0, a61 ,A75,4.0,A92,A101,3.0,a124,59.0,A143,a151,1.0,A173,1.0,A191,a201,48.0,
A13,24.0,A34,A49,1275.0, A64 ,A73,2.0,A91,A101,4.0,A121,36.0,A143,A152,2.0,a173,1.0,A192,a201,24.0,
A12,24.0,A33,A43,6403.0, a61 ,A72,1.0,A93,a101,2.0,A123,33.0,A143,A152,1.0,A173,1.0,A191,A201,24.0,
A11,24.0,A32,A43,, A61 ,A73,2.0,A93,a101,4.0,A121,21.0,a143,A151,1.0,a172,2.0,A191,A201,24.0,99
A12,8.0,A32,A43,760.0, A61 ,A74,,A92,A103,2.0,A121,44.0,A143,A152,1.0,A172,1.0,A191,A201,8.0,99
A14,24.0,A32,A41,2603.0, a64 ,a73,2.0,A92,A101,4.0,A123,28.0,A143,A151,1.0,A173,1.0,A192,A201,24.0,
A14,4.0,A34,A40,3380.0, A61 ,A74,1.0,A92,A101,1.0,A121,37.0,A143,A152,1.0,A173,2.0,A191,A201,4.0,
A12,36.0,A31,A44,3990.0, A65 ,A72,3.0,A92,A101,2.0,A124,29.0,A141,,1.0,A171,1.0,A191,a201,36.0,
A12,24.0,A32,A41,11560.0, A61 ,a73,1.0,A92,A101,4.0,A123,23.0,a143,a151,2.0,A174,1.0,a191,A201,24.0,
A11,18.0,A32,a40,4380.0, A62 ,,3.0,A93,,4.0,A123,35.0,A143,A152,1.0,A172,2.0,A192,A201,18.0,
A14,6.0,A34,A40,6761.0, nan ,A74,1.0,a93,a101,3.0,a124,45.0,A143,A152,2.0,a174,2.0,A192,A201,6.0,
a12,30.0,A30,A49,4280.0, a62 ,A73,4.0,A92,A101,4.0,A123,26.0,A143,A151,2.0,A172,1.0,a191,A201,30.0,99
a11,24.0,A31,a40,2325.0, A62 ,A74,2.0,A93,,3.0,A123,32.0,A141,A152,1.0,A173,1.0,A191,A201,24.0,
A12,10.0,A31,A43,1048.0, A61 ,A73,4.0,??,,4.0,A121,23.0,A142,A152,1.0,A172,,A191,A201,10.0,
A14,21.0,A32,a43,, A65 ,A75,4.0,A93,a101,3.0,A122,41.0,A143,A152,1.0,A173,1.0,a192,A201,21.0, 
A11,,A31,A42,2483.0, A63 ,A73,4.0,A93,A101,4.0,A121,22.0,A142,A152,1.0,a173,1.0,A192,A201,, 
A11,39.0,a34,,14179.0, A65 ,A74,4.0,a93,A101,4.0,a122,30.0,A143,A152,2.0,A174,1.0,,a201,39.0,
A11,13.0,a34,A49,1797.0, A61 ,A72,3.0,A93,A101,1.0,A122,28.0,A141,a152,2.0,A172,,A191,A201,13.0,
A11,,A32,a40,2511.0, a61 ,A71,1.0,A92,A101,4.0,,23.0,A143,A151,1.0,A173,1.0,,A201,,
A11,12.0,A32,A40,, A61 ,A72,3.0,a92,A101,1.0,,37.0,A143,A152,1.0,A172,1.0,A191,A201,12.0,
a14,21.0,A32,A41,5248.0, A65 ,A73,1.0,A93,,3.0,A123,26.0,A143,A152,1.0,a173,1.0,A191,A201,21.0,
A14,15.0,A32,A41,3029.0, A61 ,A74,2.0,A93,A101,,A123,33.0,A143,A152,,A173,1.0,A191,A201,15.0,
a11,6.0,A32,A42,428.0, a61 ,A75,2.0,A92,A101,1.0,A122,,A141,A152,1.0,a173,1.0,A192,A201,6.0,
A11,18.0,a32,A40,976.0, a61 ,a72,1.0,A92,A101,2.0,A123,23.0,a143,A152,1.0,A172,1.0,A191,a201,18.0,
A12,,A32,A49,841.0, A62 ,A74,2.0,A92,A101,4.0,A121,23.0,A143,A151,1.0,A172,1.0,A191,a201,,99
a14,30.0,A34,a43,5771.0, A61 ,A74,4.0,A92,A101,2.0,A123,25.0,A143,A152,2.0,A173,1.0,a191,A201,30.0,
A14,12.0,a33,A45,1555.0, a64 ,,4.0,a93,A101,4.0,A124,55.0,a143,a153,2.0,A173,2.0,A191,a201,12.0,
a11,24.0,a32,a40,1285.0, a65 ,A74,4.0,A92,A101,4.0,A124,32.0,a143,A151,1.0,a173,1.0,a191,A201,24.0,
A13,6.0,A34,A40,, A61 ,A73,1.0,A93,A101,1.0,A121,74.0,A143,A152,3.0,A171,2.0,A191,A202,6.0, 
A13,15.0,A34,A43,1271.0, a65 ,A73,3.0,A93,A101,4.0,A124,39.0,A143,A153,2.0,A173,1.0,A192,A201,15.0,
A14,24.0,A32,A40,1393.0, A61 ,A73,2.0,A93,A103,2.0,A121,31.0,A143,A152,1.0,A173,1.0,A192,A201,24.0,
A11,12.0,a34,a40,691.0, A61 ,A75,4.0,A93,A101,3.0,A122,35.0,A143,,,A173,1.0,A191,A201,12.0,
A14,15.0,A34,A40,5045.0, A65 ,A75,1.0,,A101,,A123,59.0,,a152,1.0,a173,1.0,,A201,15.0,
A11,18.0,,A42,2124.0, A61 ,A73,4.0,A92,A101,4.0,A121,24.0,A143,A151,2.0,A173,1.0,a191,A201,18.0,
A11,12.0,A32,A43,2214.0, A61 ,A73,4.0,A93,A101,3.0,A122,24.0,A143,,1.0,A172,1.0,A191,A201,12.0,
A14,21.0,A34,A40,12680.0, A65 ,A75,4.0,A93,A101,4.0,A124,30.0,A143,A153,1.0,A174,1.0,A192,A201,21.0,
,24.0,A34,A40,2463.0, A62 ,A74,4.0,A94,A101,3.0,a122,27.0,A143,A152,2.0,A173,1.0,A192,A201,24.0,
A12,12.0,A32,A43,1155.0, A61 ,A75,3.0,A94,A103,3.0,A121,40.0,A141,A152,2.0,A172,1.0,A191,A201,12.0,
A11,30.0,A32,A42,3108.0, A61 ,A72,2.0,A91,A101,4.0,A122,31.0,A143,A152,1.0,A172,,A191,A201,30.0,
A14,10.0,A32,A41,2901.0, A65 ,A72,1.0,a92,A101,4.0,A121,31.0,a143,A151,1.0,a173,1.0,a191,A201,10.0,
A12,12.0,A34,A42,3617.0, a61 ,A75,1.0,A93,A101,4.0,,28.0,A143,a151,3.0,A173,1.0,A192,A201,12.0,
A14,12.0,A34,A43,1655.0, A61 ,a75,2.0,A93,A101,4.0,,63.0,A143,A152,2.0,a172,1.0,A192,A201,12.0,
A11,24.0,a32,A41,, A65 ,A75,2.0,??,A101,4.0,,26.0,A143,a151,1.0,A173,1.0,A191,A201,24.0,
A11,36.0,A34,A46,8065.0, A61 ,a73,3.0,a92,A101,2.0,A124,25.0,A143,A152,2.0,A174,1.0,a192,A201,36.0,
A14,21.0,A34,A41,3275.0, A61 ,A75,1.0,A93,A101,4.0,A123,36.0,A143,a152,1.0,A174,1.0,A192,,21.0,
A14,24.0,A34,A43,2223.0, A62 ,A75,4.0,a93,A101,4.0,a122,52.0,A141,A152,2.0,A173,1.0,A191,a201,24.0,
a13,12.0,A34,A40,1480.0, nan ,A71,2.0,A93,A101,4.0,A124,66.0,A141,A153,3.0,A171,1.0,A191,A201,12.0,
A11,24.0,A32,a40,1371.0, A65 ,A73,,A92,a101,,A121,25.0,A143,a151,1.0,A173,1.0,A191,A201,24.0,
A14,36.0,,A40,, a61 ,A74,4.0,a93,A101,4.0,A123,37.0,A143,a152,2.0,A173,1.0,A192,A201,36.0,
A11,18.0,A32,A43,3509.0, A61 ,A74,4.0,a92,A103,1.0,a121,25.0,A143,,1.0,a173,,A191,A201,18.0,
a14,36.0,A34,A41,5711.0, A64 ,A75,4.0,A93,a101,2.0,A123,38.0,A143,A152,,A174,1.0,A192,A201,36.0,
a12,18.0,A32,A45,3872.0, a61 ,A71,2.0,A92,A101,4.0,a123,67.0,A143,A152,1.0,a173,1.0,A192,A201,18.0,
A12,,,A43,4933.0, A61 ,A74,2.0,A93,A103,2.0,A121,25.0,a143,a152,2.0,a173,1.0,A191,A201,,
A14,24.0,A34,A40,1940.0, A64 ,A75,,A93,a101,4.0,A121,60.0,,A152,1.0,A173,1.0,A192,A201,24.0,
A12,12.0,A30,,1410.0, A61 ,A73,2.0,A93,A101,2.0,A121,31.0,A143,A152,1.0,A172,1.0,A192,A201,12.0,
A12,12.0,A32,A40,836.0, A62 ,A72,,a92,A101,2.0,A122,23.0,a141,A152,1.0,a172,,A191,,12.0,
A12,20.0,A32,a41,6468.0, nan ,a71,1.0,A91,a101,4.0,A121,60.0,A143,A152,1.0,A174,1.0,A192,a201,20.0,
A12,18.0,A32,A49,1941.0, A64 ,A73,4.0,A93,A101,2.0,A122,35.0,a143,A152,1.0,A172,1.0,A192,A201,18.0,
A14,22.0,A32,a43,2675.0, a63 ,A75,3.0,A93,A101,4.0,A123,,A143,A152,1.0,A173,1.0,A191,A201,22.0,
A14,48.0,A34,A41,2751.0, A65 ,A75,4.0,a93,a101,,A123,38.0,A143,A152,2.0,A173,2.0,A192,A201,48.0,
A12,48.0,a33,A46,6224.0, A61 ,A75,,A93,A101,4.0,A124,50.0,A143,A153,1.0,A173,1.0,A191,A201,48.0, 
A11,40.0,A34,A46,5998.0, A61 ,A73,4.0,a93,,3.0,a124,27.0,A141,A152,1.0,a173,1.0,A192,A201,40.0,
A12,21.0,a32,A49,1188.0, A61 ,A75,2.0,A92,a101,4.0,A122,39.0,A143,A152,1.0,A173,2.0,A191,A201,21.0,
a14,24.0,A32,A41,6313.0, A65 ,A75,3.0,A93,A101,4.0,,41.0,A143,A152,1.0,,2.0,A192,A201,24.0,
A14,6.0,A34,A42,1221.0, a65 ,unknown,1.0,A94,,2.0,A122,27.0,A143,a152,2.0,a173,1.0,A191,A201,6.0,
A13,24.0,A32,A42,2892.0, a61 ,A75,3.0,a91,A101,4.0,A124,51.0,A143,A153,1.0,A173,1.0,A191,A201,24.0,
,,a32,,3062.0, A63 ,A75,4.0,a93,a101,3.0,a124,32.0,A143,A151,1.0,A173,1.0,A192,A201,,
A14,9.0,A32,A42,2301.0, A62 ,A72,,A92,A101,4.0,A122,22.0,A143,a151,1.0,A173,,A191,A201,9.0,
a11,18.0,A32,A41,7511.0, A65 ,A75,1.0,A93,A101,4.0,A122,51.0,a143,A153,1.0,A173,2.0,A192,A201,18.0,
A14,12.0,A34,A42,1258.0, A61 ,A72,2.0,A92,A101,4.0,A122,22.0,A143,A151,2.0,A172,1.0,a191,A201,12.0,
A14,24.0,A33,A40,717.0, A65 ,A75,4.0,a94,a101,4.0,A123,54.0,A143,A152,2.0,,1.0,A192,A201,24.0,
A12,,A32,A40,1549.0, A65 ,A72,4.0,A93,A101,2.0,A121,35.0,A143,A152,1.0,a171,1.0,A191,A201,,
A14,24.0,A34,A46,1597.0, a61 ,A75,,A93,A101,4.0,A124,54.0,a143,A153,2.0,A173,2.0,A191,A201,24.0,
A12,18.0,A34,A43,1795.0, A61 ,A75,3.0,A92,A103,4.0,a121,48.0,,A151,2.0,A172,1.0,a192,a201,18.0,
A11,20.0,A34,A42,4272.0, a61 ,unknown,1.0,A92,a101,4.0,a122,24.0,A143,A152,2.0,A173,1.0,A191,a201,20.0,
A14,12.0,A34,A43,976.0, A65 ,A75,4.0,A93,A101,4.0,A123,35.0,A143,A152,2.0,A173,1.0,a191,A201,12.0,
a12,12.0,A32,A40,7472.0, A65 ,A71,1.0,A92,A101,2.0,A121,24.0,A143,A151,1.0,A171,1.0,A191,A201,12.0,
a11,36.0,A32,A40,9271.0, A61 ,A74,2.0,A93,A101,1.0,a123,24.0,a143,a152,1.0,A173,1.0,a192,A201,36.0,
a12,6.0,A32,A43,590.0, A61 ,A72,3.0,A94,A101,3.0,A121,26.0,A143,A152,1.0,A172,1.0,A191,A202,6.0,
A14,12.0,a34,a43,930.0, a65 ,A75,4.0,A93,A101,4.0,A121,65.0,A143,A152,4.0,A173,1.0,a191,,12.0,
a12,42.0,A31,A41,9283.0, A61 ,A71,1.0,,A101,2.0,,55.0,A141,A153,1.0,A174,1.0,A192,A201,42.0,
A12,15.0,A30,A40,1778.0, a61 ,a72,,A92,A101,1.0,A121,26.0,A143,A151,2.0,A171,1.0,A191,A201,15.0,
a12,8.0,A32,A49,907.0, A61 ,A72,3.0,A94,A101,2.0,A121,26.0,A143,A152,1.0,A173,1.0,a192,A201,8.0,
A12,6.0,A32,A43,484.0, A61 ,A74,3.0,A94,A103,3.0,A121,28.0,,A152,1.0,A172,1.0,A191,A201,6.0,
A11,36.0,A34,A41,, A61 ,,4.0,a93,A101,4.0,A123,24.0,A143,A152,2.0,A173,1.0,A192,A201,36.0,
a11,,A32,A44,3051.0, A61 ,A73,3.0,a93,A101,4.0,A123,54.0,A143,A152,1.0,A173,1.0,A191,A201,,
A11,48.0,a32,A40,3931.0, A61 ,A74,4.0,A93,A101,4.0,A124,,A143,A153,1.0,a173,2.0,A191,A201,48.0,
A12,36.0,A33,A40,7432.0, A61 ,A73,2.0,a92,A101,2.0,A122,150.0,A143,A151,1.0,,1.0,A191,A201,36.0, 
a14,6.0,A32,A44,1338.0, A63 ,a73,1.0,A91,a101,4.0,A121,62.0,A143,A152,1.0,A173,1.0,A191,A201,6.0, 
A14,6.0,,A43,1554.0, a61 ,A74,1.0,A92,A101,2.0,A123,24.0,a143,A151,2.0,A173,1.0,A192,A201,6.0,99
A11,36.0,,A410,15857.0, A61 ,A71,2.0,A91,A102,3.0,A123,43.0,a143,,1.0,A174,1.0,A191,A201,36.0,
A11,18.0,A32,A43,1345.0, A61 ,A73,4.0,a94,A101,3.0,A121,26.0,A141,a152,1.0,A173,1.0,A191,A201,18.0,
A14,12.0,A32,A40,1101.0, A61 ,A73,3.0,A94,A101,2.0,A121,27.0,a143,A152,2.0,A173,1.0,A192,A201,12.0,
,12.0,A32,A43,3016.0, A61 ,A73,3.0,A94,A101,1.0,A123,24.0,A143,,1.0,A173,1.0,A191,A201,12.0,
A11,36.0,A32,A42,2712.0, a61 ,A75,2.0,A93,A101,2.0,A122,41.0,A141,A152,1.0,a173,2.0,A191,A201,36.0,
a11,8.0,A34,A40,731.0, A61 ,A75,4.0,A93,A101,4.0,A121,47.0,A143,A152,2.0,A172,1.0,a191,a201,8.0,
A14,18.0,a34,A42,3780.0, A61 ,a72,3.0,A91,A101,2.0,A123,35.0,a143,a152,2.0,A174,1.0,A192,A201,18.0,
A11,21.0,A34,A40,1602.0, A61 ,A75,4.0,A94,a101,3.0,A123,30.0,a143,A152,2.0,A173,1.0,A192,A201,21.0,
A11,,A34,A40,3966.0, A61 ,A75,1.0,A92,A101,,A121,33.0,A141,A151,3.0,A173,1.0,a192,A201,,
A14,18.0,A30,A49,4165.0, A61 ,A73,2.0,A93,A101,2.0,A123,,A142,a152,2.0,,2.0,A191,A201,18.0,
A11,36.0,A32,A41,8335.0, A65 ,A75,3.0,A93,A101,4.0,A124,47.0,,A153,1.0,A173,1.0,A191,a201,36.0,
A12,48.0,,A49,6681.0, a65 ,A73,4.0,A93,a101,4.0,,38.0,A143,A153,1.0,A173,2.0,a192,a201,48.0,
A14,24.0,A33,A49,2375.0, a63 ,A73,4.0,a93,a101,2.0,A123,150.0,A143,A152,2.0,A173,2.0,A192,A201,24.0,
A11,18.0,a32,A40,1216.0, A61 ,A72,4.0,A92,A101,3.0,A123,23.0,a143,A151,1.0,,1.0,A192,a201,18.0,
A11,45.0,A30,A49,11816.0, A61 ,A75,2.0,A93,A101,4.0,A123,29.0,A143,A151,2.0,A173,,A191,A201,45.0,
A12,24.0,a32,a43,5084.0, A65 ,A75,2.0,A92,A101,4.0,a123,42.0,A143,A152,1.0,A173,1.0,a192,A201,24.0,
A13,15.0,A32,A43,2327.0, A61 ,A72,2.0,A92,A101,3.0,A121,25.0,A143,A152,1.0,A172,1.0,A191,A201,15.0,
A11,12.0,A30,a40,1082.0, A61 ,A73,4.0,,,4.0,A123,48.0,a141,A152,2.0,A173,1.0,A191,A201,12.0,99
A14,12.0,A32,A43,886.0, a65 ,A73,4.0,A92,a101,2.0,A123,21.0,A143,A152,1.0,A173,1.0,,A201,12.0,
A14,4.0,,A42,601.0, A61 ,A72,1.0,A92,a101,3.0,a121,23.0,A143,a151,1.0,A172,2.0,A191,A201,4.0, 
A11,24.0,A34,A41,, A61 ,A75,4.0,A93,A101,4.0,A122,63.0,A143,A152,2.0,,1.0,A192,A201,24.0,99
A14,24.0,A34,A43,2611.0, A61 ,A75,4.0,,A102,3.0,A121,46.0,A143,A152,2.0,A173,1.0,A191,A201,24.0,
,36.0,A32,A42,5179.0, A61 ,A74,4.0,A93,A101,2.0,,29.0,a143,A152,1.0,A173,1.0,A191,A201,36.0,
A14,21.0,a33,,2993.0, A61 ,A73,3.0,A93,a101,2.0,A121,28.0,A142,A152,2.0,A172,,A191,A201,21.0,
A14,18.0,A32,A45,1943.0, A61 ,A72,4.0,A92,A101,4.0,A121,23.0,A143,A152,1.0,A173,1.0,A191,A201,18.0,
A14,24.0,A31,A49,, nan ,A74,4.0,a93,A101,4.0,A123,50.0,A141,A152,1.0,A173,1.0,A192,A201,24.0,99
A14,18.0,A32,A42,3422.0, a61 ,a75,4.0,,a101,4.0,A122,47.0,a141,a152,,A173,2.0,A192,A201,18.0,
A12,21.0,A32,A42,3976.0, A65 ,A74,2.0,a93,A101,3.0,A123,35.0,A143,A152,1.0,A173,1.0,A192,,21.0,
A14,18.0,A32,A40,6761.0, a65 ,A73,2.0,A93,a101,4.0,A123,68.0,A143,A151,2.0,A173,1.0,A191,a201,18.0, 
A14,24.0,A32,a40,1249.0, a61 ,A72,4.0,A94,a101,2.0,A121,28.0,A143,A152,1.0,A173,1.0,a191,A201,24.0,
a11,9.0,A32,A43,1364.0, A61 ,a74,3.0,a93,A101,4.0,A121,59.0,A143,A152,1.0,A173,1.0,A191,,9.0,
A11,12.0,A32,A43,709.0, A61 ,A75,,,A101,4.0,A121,57.0,A142,A152,1.0,A172,1.0,A191,A201,12.0,
a11,20.0,A34,A40,2235.0, A61 ,A73,4.0,A94,A103,2.0,A122,33.0,A141,A151,2.0,A173,1.0,A191,A202,20.0, 
A14,24.0,a34,A41,4042.0, A65 ,A74,3.0,A93,A101,4.0,A122,43.0,A143,A152,2.0,,1.0,a192,A201,24.0,
A14,15.0,A34,A43,1471.0, A61 ,a73,4.0,,A101,4.0,A124,35.0,A143,A153,2.0,a173,1.0,A192,A201,15.0,
A11,18.0,A31,A40,1442.0, A61 ,A74,4.0,A93,A101,4.0,A124,32.0,A143,A153,2.0,A172,2.0,A191,A201,18.0,
A14,36.0,a33,A40,10875.0, A61 ,,2.0,A93,A101,2.0,A123,45.0,A143,A152,2.0,A173,2.0,A192,A201,36.0,
A14,24.0,A32,A40,, A62 ,a72,4.0,a94,a101,3.0,A121,33.0,A143,A152,1.0,A173,1.0,A192,A201,24.0,
,10.0,A32,A48,894.0, A65 ,A74,4.0,A92,A101,3.0,A122,40.0,a143,A152,1.0,a173,1.0,A192,,10.0,
A14,15.0,,A42,3343.0, nan ,a73,4.0,A93,A101,2.0,A124,28.0,A143,A153,1.0,,1.0,A192,A201,15.0,
A11,15.0,,A40,3959.0, nan ,A73,3.0,A92,A101,2.0,A122,29.0,A143,A152,,A173,1.0,A192,A201,15.0, 
a14,9.0,A32,A40,3577.0, a62 ,A73,1.0,A93,A103,2.0,A121,26.0,A143,A151,1.0,A173,2.0,a191,A202,9.0,
A14,24.0,A34,A41,5804.0, a64 ,A73,4.0,A93,A101,2.0,a121,150.0,A143,A152,2.0,a173,1.0,A191,A201,24.0,
A14,18.0,A33,a49,, A61 ,a73,4.0,a94,A101,2.0,,28.0,a143,A152,1.0,A173,1.0,A192,A201,18.0, 
A11,24.0,A32,A43,2439.0, nan ,A72,,A92,A101,4.0,A121,35.0,A143,A152,1.0,A173,1.0,A192,A201,24.0,
A14,27.0,a34,A42,4526.0, A64 ,A72,4.0,A93,A101,2.0,A121,32.0,A142,a152,2.0,a172,2.0,A192,A201,27.0,
A14,10.0,A32,A42,2210.0, A61 ,A73,2.0,,A101,2.0,A121,25.0,a141,A151,1.0,A172,1.0,a191,A201,10.0,
A14,15.0,A32,a42,2221.0, a63 ,A73,2.0,A92,,4.0,A123,20.0,A143,,1.0,A173,1.0,A191,A201,15.0,
A11,,a32,a43,2389.0, A61 ,a72,4.0,A92,a101,,A123,27.0,A142,A152,1.0,A173,1.0,a191,a201,,
a14,12.0,A34,A42,3331.0, A61 ,A75,2.0,A93,A101,4.0,,42.0,A142,A152,1.0,a173,1.0,A191,a201,12.0, 
A14,36.0,a32,A49,7409.0, A65 ,A75,3.0,A93,A101,2.0,A122,37.0,A143,a152,2.0,A173,1.0,A191,A201,36.0,
A11,12.0,A32,A42,652.0, A61 ,A75,,A92,a101,4.0,A122,24.0,A143,A151,1.0,A173,1.0,a191,A201,12.0, 
A14,36.0,A33,A42,7678.0, a63 ,A74,2.0,A92,A101,4.0,A123,40.0,A143,A152,2.0,A173,,,A201,36.0,
A13,6.0,A34,A40,1343.0, A61 ,a75,,A93,A101,4.0,a121,46.0,A143,a152,,A173,2.0,A191,A202,6.0,
A11,24.0,A34,A49,1382.0, A62 ,A74,4.0,A93,A101,1.0,A121,26.0,A143,A152,2.0,,1.0,A192,A201,24.0,
a14,15.0,A32,A44,874.0, A65 ,A72,4.0,,A101,1.0,A121,24.0,A143,A152,1.0,A173,1.0,A191,A201,15.0,
,12.0,A32,,3590.0, A61 ,A73,2.0,A93,A102,2.0,A122,29.0,A143,a152,1.0,a172,2.0,A191,a201,12.0,
a12,11.0,A34,a40,1322.0, A64 ,A73,4.0,A92,A101,4.0,A123,40.0,A143,A152,2.0,A173,1.0,a191,A201,11.0,
A11,18.0,A31,A43,1940.0, A61 ,A72,3.0,A93,A102,4.0,A124,36.0,a141,,1.0,A174,1.0,a192,A201,18.0,
A14,36.0,A32,A43,3595.0, A61 ,A75,4.0,A93,A101,2.0,A123,28.0,A143,A152,,A173,1.0,a191,A201,36.0,
,9.0,A32,A40,1422.0, a61 ,A72,3.0,A93,A101,2.0,A124,27.0,A143,A153,1.0,a174,1.0,A192,A201,9.0,
a14,30.0,A34,A43,6742.0, A65 ,a74,,a93,A101,3.0,A122,36.0,A143,,2.0,A173,1.0,A191,a201,30.0,
A14,24.0,A32,A41,7814.0, A61 ,A74,3.0,A93,A101,3.0,A123,38.0,A143,a152,,A174,1.0,,a201,24.0,
A14,24.0,A32,A41,9277.0, A65 ,A73,2.0,A91,a101,4.0,A124,48.0,A143,A153,1.0,A173,1.0,A192,A201,24.0,
,30.0,A34,A40,2181.0, A65 ,A75,4.0,,A101,4.0,A121,36.0,A143,a152,2.0,a173,1.0,A191,A201,30.0,
A14,18.0,A34,A43,1098.0, A61 ,A71,4.0,A92,a101,4.0,,65.0,A143,A152,2.0,A171,1.0,A191,A201,18.0,
a12,24.0,a32,A42,4057.0, A61 ,A74,3.0,A91,A101,3.0,A123,43.0,A143,A152,1.0,A173,1.0,a192,a201,24.0,
A11,12.0,A32,A46,795.0, A61 ,A72,4.0,A92,A101,4.0,A122,53.0,a143,A152,1.0,A173,1.0,A191,A201,12.0,
A12,,A34,A49,2825.0, a65 ,a74,4.0,a93,a101,3.0,A124,34.0,A143,A152,2.0,A173,2.0,A192,A201,,
A12,48.0,A32,A49,15672.0, A61 ,A73,2.0,A93,A101,2.0,A123,23.0,,a152,1.0,A173,1.0,A192,A201,48.0,
A14,36.0,A34,a40,, a61 ,A75,4.0,A93,A101,4.0,A123,34.0,A143,a152,2.0,A174,1.0,A192,a201,36.0,99
a14,28.0,A31,A41,7824.0, A65 ,A72,3.0,A93,A103,4.0,a121,40.0,A141,a151,2.0,A173,2.0,A192,A201,28.0,
A11,27.0,A34,A49,2442.0, A61 ,A75,4.0,a93,a101,4.0,A123,43.0,A142,A152,,A174,2.0,A192,A201,27.0,
A14,15.0,A34,A43,1829.0, A61 ,A75,4.0,A93,A101,4.0,A123,46.0,a143,a152,2.0,A173,1.0,A192,,15.0,
A11,12.0,A34,A40,2171.0, a61 ,A73,4.0,A93,A101,4.0,A122,38.0,A141,A152,2.0,,1.0,a191,A202,12.0,
A12,36.0,A34,A41,5800.0, A61 ,A73,3.0,A93,A101,4.0,A123,34.0,A143,A152,2.0,A173,1.0,A192,A201,36.0,
A14,18.0,A34,A43,1169.0, A65 ,a73,4.0,,A101,3.0,A122,29.0,a143,A152,2.0,A173,1.0,A192,A201,18.0, 
A14,36.0,A33,A41,8947.0, a65 ,A74,3.0,A93,A101,2.0,a123,31.0,a142,A152,1.0,A174,2.0,a192,A201,36.0,
a11,21.0,A32,A43,2606.0, A61 ,A72,4.0,A92,A101,4.0,a122,28.0,A143,A151,1.0,A174,1.0,A192,a201,21.0,
a14,12.0,A34,A42,1592.0, A64 ,,3.0,a92,A101,2.0,A122,35.0,A143,A152,1.0,A173,1.0,A191,A202,12.0,
,15.0,A32,a42,2186.0, A65 ,A74,1.0,A92,A101,4.0,A121,33.0,a141,,,A172,1.0,A191,A201,15.0,
a11,18.0,,a42,4153.0, A61 ,A73,2.0,A93,,3.0,A123,,A143,A152,1.0,A173,1.0,A191,A201,18.0,
A11,16.0,A34,A40,, A61 ,A75,2.0,A93,,4.0,A122,43.0,A141,A151,1.0,A173,1.0,A192,A201,16.0,
,,A34,A40,3485.0, A65 ,A72,2.0,a91,A101,4.0,A121,44.0,A143,A152,2.0,A173,1.0,a192,A201,,99
A14,36.0,,A41,10477.0, a65 ,,2.0,A93,A101,4.0,A124,,A143,A153,2.0,A173,1.0,A191,A201,36.0,
A14,,A32,a43,1386.0, A65 ,A73,4.0,A94,A101,2.0,a121,40.0,A143,A151,1.0,A173,,a192,A201,,99
A14,24.0,A32,A43,1278.0, a61 ,A75,,A93,A101,1.0,A121,36.0,a143,A152,1.0,A174,1.0,,A201,24.0,
A11,12.0,a32,a43,1107.0, a61 ,A73,2.0,a93,A101,2.0,a121,20.0,A143,A151,1.0,A174,2.0,A192,A201,12.0,
A11,21.0,A32,A40,3763.0, a65 ,a74,2.0,A93,A102,2.0,a121,24.0,A143,A152,1.0,A172,1.0,A191,A202,21.0, 
A12,36.0,A32,A46,3711.0, A65 ,A73,2.0,A94,,2.0,A123,27.0,,A152,1.0,A173,1.0,A191,A201,36.0,
A14,15.0,A33,A41,3594.0, A61 ,A72,1.0,A92,A101,2.0,A122,46.0,A143,,2.0,A172,1.0,A191,A201,15.0,
A12,9.0,A32,A40,3195.0, A65 ,A73,1.0,A92,,2.0,,33.0,A143,a152,1.0,,1.0,a191,A201,9.0,
A14,36.0,A33,,4454.0, A61 ,A73,4.0,A92,A101,,A121,34.0,A143,A152,2.0,A173,1.0,A191,A201,36.0,
A12,24.0,,a42,4736.0, A61 ,a72,2.0,A92,A101,4.0,a123,25.0,a141,A152,1.0,a172,,A191,a201,24.0,
A12,30.0,A32,,2991.0, A65 ,A75,2.0,A92,a101,4.0,A123,25.0,A143,A152,1.0,a173,1.0,A191,A201,30.0,
a14,11.0,A32,A49,2142.0, A64 ,A75,,A91,A101,2.0,A121,28.0,A143,a152,1.0,A173,1.0,A192,a201,11.0,
A11,24.0,A31,A49,3161.0, A61 ,A73,,A93,a101,2.0,A122,31.0,A143,A151,1.0,,1.0,a192,a201,24.0,
A12,48.0,a30,A410,18424.0, A61 ,A73,1.0,a92,A101,2.0,A122,32.0,A141,a152,1.0,A174,1.0,A192,A202,48.0,
A14,10.0,A32,A41,2848.0, A62 ,A73,1.0,A93,A102,2.0,a121,32.0,A143,A152,1.0,A173,2.0,A191,A201,10.0,
A11,6.0,A32,A40,14896.0, A61 ,a75,1.0,A93,A101,4.0,a124,68.0,A141,A152,1.0,A174,1.0,A192,A201,6.0,
A11,24.0,A32,A42,2359.0, A62 ,A71,1.0,a91,,1.0,A122,33.0,a143,A152,1.0,a173,1.0,a191,A201,24.0, 
A11,24.0,A32,A42,3345.0, a61 ,A75,4.0,A93,A101,2.0,a122,39.0,A143,A151,1.0,A174,1.0,A192,a201,24.0,
a14,18.0,A34,A42,1817.0, A61 ,A73,4.0,a92,A101,2.0,A124,28.0,a143,A152,2.0,A173,1.0,A191,A201,18.0,
A14,,a33,A43,12749.0, A63 ,,4.0,,a101,1.0,A123,37.0,,A152,1.0,A174,1.0,A192,A201,,
A11,9.0,A32,A43,1366.0, A61 ,A72,3.0,a92,A101,4.0,A122,22.0,A143,A151,1.0,A173,1.0,A191,A201,9.0,
a12,12.0,A32,a40,2002.0, A61 ,A74,3.0,A93,A101,,a122,30.0,a143,A151,1.0,A173,2.0,,A201,12.0,
A11,24.0,A31,A42,, A61 ,A72,2.0,??,A101,1.0,A122,55.0,A141,A152,,A173,1.0,A192,a201,24.0,
,12.0,A31,,, A61 ,,4.0,A93,A101,2.0,A123,46.0,A141,a152,2.0,A173,1.0,A192,A201,12.0,
A11,18.0,A34,A42,1049.0, A61 ,A72,4.0,A92,A101,4.0,,21.0,,A151,1.0,a173,1.0,A191,a201,18.0,
A11,48.0,A32,A41,10297.0, A61 ,A74,4.0,A93,A101,4.0,,39.0,,A153,3.0,A173,,A192,a201,48.0,
A14,30.0,a32,A43,1867.0, A65 ,A75,4.0,A93,A101,4.0,A123,58.0,A143,A152,1.0,a173,1.0,,A201,30.0,
A11,12.0,A33,A40,1344.0, A61 ,A73,4.0,a93,A101,2.0,A121,43.0,A143,A152,2.0,a172,2.0,A191,A201,12.0,
A11,24.0,a32,A42,1747.0, A61 ,A72,4.0,a93,A102,1.0,a122,24.0,a143,a152,,A172,1.0,A191,A202,24.0,
A12,9.0,A32,A43,1670.0, a61 ,A72,4.0,A92,A101,2.0,a123,22.0,A143,A152,1.0,A173,1.0,A192,A201,9.0,
a14,9.0,a34,a40,1224.0, A61 ,A73,3.0,A93,A101,1.0,A121,30.0,A143,A152,2.0,A173,1.0,a191,A201,9.0,
A14,12.0,A34,A43,522.0, A63 ,A75,4.0,A93,,4.0,A122,42.0,A143,a152,,,2.0,a192,A201,12.0, 
A11,12.0,a32,A43,1498.0, A61 ,a73,4.0,A92,A101,1.0,A123,23.0,A141,A152,1.0,A173,1.0,A191,A201,12.0,
A12,30.0,A33,A43,1919.0, A62 ,A72,4.0,A93,A101,3.0,A124,30.0,A142,A152,,A174,1.0,A191,a201,30.0,
,9.0,A32,A43,745.0, A61 ,A73,3.0,A92,A101,2.0,A121,28.0,A143,A152,1.0,A172,1.0,A191,A201,9.0,
a12,6.0,A32,A43,2063.0, a61 ,A72,4.0,A94,A101,3.0,A123,30.0,A143,A151,1.0,a174,1.0,A192,A201,6.0,
A12,60.0,A32,A46,6288.0, A61 ,a73,4.0,A93,A101,,A124,42.0,a143,a153,1.0,A173,1.0,,A201,60.0,99
A14,24.0,,a41,6842.0, A65 ,A73,2.0,A93,A101,,A122,46.0,A143,A152,2.0,A174,2.0,a192,a201,24.0,
a14,12.0,A32,A40,3527.0, A65 ,A72,2.0,A93,A101,3.0,A122,45.0,a143,A152,1.0,A174,2.0,A192,a201,12.0,
A14,10.0,A32,A40,1546.0, A61 ,A73,3.0,A93,A101,2.0,a121,31.0,A143,A152,1.0,,2.0,A191,A202,10.0,
A14,24.0,A32,A42,, nan ,A74,4.0,A93,,2.0,A123,,A142,A152,1.0,A173,1.0,A192,A201,24.0,99
A14,4.0,a34,A40,, A61 ,,2.0,A93,A101,1.0,A121,42.0,A143,A152,3.0,A172,2.0,A191,a201,4.0,
A11,15.0,a32,A42,1845.0, a61 ,A72,4.0,A92,A103,1.0,A122,46.0,A143,a151,1.0,A173,1.0,a191,A201,15.0,
,48.0,A30,,8358.0, A63 ,a72,1.0,a92,A101,1.0,a123,30.0,A143,A152,2.0,A173,1.0,A191,A201,48.0,
A11,24.0,A31,A42,3349.0, A63 ,A72,4.0,A93,A101,4.0,A124,30.0,A143,,1.0,A173,2.0,A192,A201,24.0,
A14,12.0,A32,A40,2859.0, nan ,A71,4.0,A93,A101,4.0,A124,38.0,A143,A152,1.0,A174,1.0,A192,a201,12.0,
A14,18.0,A32,A42,1533.0, A61 ,A72,4.0,A94,a102,1.0,a122,43.0,A143,A152,1.0,A172,2.0,A191,A201,18.0,
A14,24.0,A32,A43,3621.0, a62 ,,2.0,A93,A101,4.0,a123,31.0,A143,A152,2.0,A173,1.0,A191,A201,24.0,
A12,18.0,A34,,3590.0, A61 ,a71,3.0,A94,A101,3.0,a123,40.0,A143,A152,3.0,A171,2.0,A192,A201,18.0,
A11,36.0,A33,A49,2145.0, A61 ,A74,2.0,a93,A101,1.0,A123,24.0,a143,A152,2.0,A173,1.0,A192,A201,36.0,
A12,24.0,A32,a41,4113.0, A63 ,A72,3.0,,A101,4.0,,28.0,a143,A151,1.0,A173,1.0,A191,A201,24.0, 
A14,36.0,A32,A42,10974.0, A61 ,,4.0,A92,A101,2.0,A123,26.0,A143,A152,2.0,A174,1.0,A192,a201,36.0,99
A11,12.0,A32,A40,1893.0, nan ,A73,4.0,A92,A103,4.0,A122,29.0,A143,A152,1.0,A173,1.0,a192,a201,12.0,
a11,24.0,A34,A43,1231.0, A64 ,A75,4.0,A92,A101,4.0,a122,57.0,A143,A151,2.0,A174,1.0,A192,A201,24.0,
A13,30.0,A34,A43,3656.0, A65 ,A75,4.0,A93,A101,4.0,a122,49.0,a142,A152,2.0,A172,1.0,A191,A201,30.0,
,9.0,a34,A43,1154.0, A61 ,A75,2.0,A93,A101,4.0,A121,37.0,a143,A152,3.0,A172,1.0,A191,A201,9.0,
A11,28.0,A32,A40,4006.0, A61 ,A73,3.0,A93,A101,2.0,A123,45.0,A143,A152,1.0,A172,1.0,A191,a201,28.0,
A12,24.0,A32,,3069.0, A62 ,A75,,a93,A101,4.0,A124,30.0,A143,A153,1.0,A173,1.0,A191,A201,24.0,
a14,6.0,A34,A43,1740.0, A61 ,a75,2.0,A94,A101,2.0,A121,,A143,a151,2.0,a173,1.0,a191,A201,6.0,
A12,21.0,A33,A40,2353.0, A61 ,a73,1.0,A91,A101,4.0,a122,,a143,A152,2.0,A173,,A191,A201,21.0,
A14,15.0,A32,,3556.0, a65 ,a73,3.0,A93,A101,2.0,a124,29.0,A143,a152,1.0,A173,1.0,A191,A201,15.0,
A14,24.0,A32,A43,2397.0, a63 ,A75,3.0,,A101,2.0,A123,35.0,,A152,2.0,A173,1.0,A192,A201,24.0,
A12,6.0,A32,,454.0, A61 ,A72,3.0,A94,A101,1.0,A122,22.0,A143,A152,1.0,A172,1.0,A191,A201,6.0,
A12,30.0,A32,A43,1715.0, a65 ,a73,,A92,A101,1.0,a123,26.0,A143,A152,1.0,A173,1.0,A191,A201,30.0,
A12,27.0,A34,a43,2520.0, A63 ,A73,4.0,A93,a101,2.0,A122,23.0,A143,A152,2.0,A172,1.0,,A201,27.0,
A14,15.0,a32,,3568.0, A61 ,A75,,A92,a101,2.0,A123,54.0,A141,A151,1.0,A174,1.0,A192,A201,15.0,
A14,42.0,A32,A43,7166.0, A65 ,A74,2.0,A94,A101,4.0,A122,29.0,A143,a151,1.0,A173,1.0,A192,A201,42.0,
A11,,A34,A40,3939.0, A61 ,A73,1.0,A93,A101,2.0,A121,40.0,A143,A152,2.0,A172,2.0,A191,a201,,99
A12,,A32,A45,1514.0, A62 ,A73,4.0,A93,A103,2.0,a121,22.0,a143,A152,1.0,A173,,A191,A201,,
A14,24.0,A32,A40,7393.0, A61 ,A73,1.0,a93,a101,4.0,A122,43.0,A143,A152,,A172,2.0,A191,A201,24.0, 
A11,24.0,A31,A40,1193.0, A61 ,A71,1.0,a92,a102,4.0,A124,29.0,A143,A151,2.0,A171,1.0,A191,A201,24.0,
A11,60.0,A32,A49,7297.0, A61 ,A75,4.0,A93,a102,4.0,A124,36.0,A143,A151,1.0,A173,1.0,A191,A201,60.0,
,30.0,A34,A43,2831.0, A61 ,A73,4.0,A92,A101,2.0,a123,33.0,A143,,1.0,a173,1.0,A192,A201,30.0, 
A13,24.0,,A43,1258.0, A63 ,A73,3.0,a92,A101,3.0,A123,57.0,A143,a152,1.0,A172,1.0,A191,A201,24.0,
A12,6.0,A32,A43,753.0, nan ,a73,2.0,A92,a103,3.0,a121,-5.0,A143,A152,1.0,a173,1.0,A191,,6.0,
A12,18.0,,A49,2427.0, A65 ,A75,4.0,a93,A101,2.0,A122,,A143,A152,2.0,A173,1.0,a191,A201,18.0,
A14,24.0,A33,A40,, A61 ,A75,4.0,A93,a101,4.0,A123,47.0,,A152,2.0,A172,2.0,A191,a201,24.0,
a12,15.0,A31,A40,, A62 ,,2.0,A94,A101,2.0,A122,25.0,A143,a151,1.0,A173,1.0,,A201,15.0,
a12,30.0,a34,A42,8386.0, A61 ,A74,2.0,A93,A101,2.0,A122,49.0,A143,A152,1.0,A173,1.0,A191,A201,30.0,
A14,48.0,A32,A49,4844.0, nan ,A71,3.0,A93,A101,2.0,,33.0,A141,A151,1.0,A174,1.0,A192,a201,48.0, 
A13,21.0,A32,A40,2923.0, A62 ,A73,1.0,A92,A101,1.0,A123,28.0,A141,A152,1.0,A174,1.0,A192,A201,21.0, 
A11,36.0,A32,A41,8229.0, nan ,A73,2.0,A93,A101,2.0,A122,26.0,a143,a152,1.0,A173,2.0,a191,A201,36.0, 
A14,24.0,a34,A42,2028.0, a61 ,a74,2.0,,A101,2.0,A122,30.0,a143,A152,2.0,A172,1.0,A191,A201,24.0,
A11,15.0,A34,A42,1433.0, nan ,A73,4.0,A92,A101,3.0,A122,25.0,A143,A151,2.0,,1.0,A191,A201,15.0,
A13,42.0,A30,A49,6289.0, A61 ,A72,2.0,A91,A101,,A122,33.0,,a152,2.0,a173,1.0,A191,A201,42.0,
A14,13.0,A32,A43,1409.0, A62 ,a71,2.0,A92,A101,,A121,,a143,A152,1.0,A173,1.0,A191,A201,13.0,
A11,24.0,A32,A41,6579.0, A61 ,A71,4.0,A93,,2.0,A124,29.0,A143,A153,1.0,A174,1.0,A192,A201,24.0,
A12,24.0,A34,a43,1743.0, A61 ,,4.0,A93,A101,2.0,A122,,A143,A152,2.0,A172,,A191,A201,24.0,
A14,12.0,A34,A46,3565.0, nan ,A72,2.0,??,A101,1.0,A122,37.0,A143,a152,2.0,a172,2.0,A191,A201,12.0,
A14,15.0,A31,A43,1569.0, A62 ,A75,4.0,A93,A101,4.0,A123,34.0,a141,A152,1.0,A172,2.0,,A201,15.0,
A11,18.0,a32,A43,1936.0, A65 ,a74,2.0,A94,A101,4.0,A123,23.0,a143,A151,2.0,A172,,A191,A201,18.0,
A11,36.0,A32,A42,3959.0, A61 ,a71,4.0,A93,A101,3.0,,30.0,A143,A152,1.0,A174,1.0,A192,A201,36.0,
A14,12.0,A32,a40,2390.0, A65 ,A75,4.0,A93,A101,3.0,A123,50.0,A143,A152,1.0,A173,1.0,A192,a201,12.0,
A14,12.0,A32,A42,1736.0, A61 ,A74,3.0,A92,A101,4.0,,31.0,a143,A152,,A172,1.0,A191,A201,12.0, 
A11,30.0,A32,A41,3857.0, A61 ,A73,4.0,A91,A101,4.0,A122,40.0,A143,A152,1.0,A174,1.0,A192,,30.0,
A14,12.0,A32,A43,804.0, A61 ,a75,4.0,A93,A101,4.0,A123,38.0,A143,A152,1.0,A173,1.0,a191,a201,12.0,
A11,45.0,A32,A43,1845.0, A61 ,A73,4.0,a93,A101,4.0,A124,23.0,A143,A153,1.0,A173,1.0,A192,A201,45.0,
A12,45.0,A34,A41,4576.0, a62 ,A71,3.0,A93,A101,4.0,A123,,A143,A152,1.0,A173,1.0,A191,A201,45.0,
